vendor,query_date,timestamp,load_kw,solar_pv_kw,battery_kw,grid_kw,device_id
foxess,2025-10-02,2025-10-02T01:04:37+01:00,0.188,0.0,-0.221,0.006,foxess-sample-device
foxess,2025-10-02,2025-10-02T01:09:37+01:00,0.181,0.0,-0.218,0.001,foxess-sample-device
foxess,2025-10-02,2025-10-02T01:14:37+01:00,0.182,0.0,-0.212,0.008,foxess-sample-device
foxess,2025-10-02,2025-10-02T01:19:37+01:00,0.199,0.0,-0.233,0.002,foxess-sample-device
foxess,2025-10-02,2025-10-02T01:24:37+01:00,0.226,0.0,-0.262,0.004,foxess-sample-device
foxess,2025-10-02,2025-10-02T01:29:37+01:00,0.26,0.0,-0.282,0.017,foxess-sample-device
foxess,2025-10-02,2025-10-02T01:34:37+01:00,0.283,0.0,-0.309,0.016,foxess-sample-device
foxess,2025-10-02,2025-10-02T01:39:37+01:00,0.216,0.0,-0.252,0.004,foxess-sample-device
foxess,2025-10-02,2025-10-02T01:44:37+01:00,0.224,0.0,-0.257,0.007,foxess-sample-device
foxess,2025-10-02,2025-10-02T01:49:37+01:00,0.174,0.0,-0.212,0.002,foxess-sample-device
foxess,2025-10-02,2025-10-02T01:54:37+01:00,0.171,0.0,-0.204,0.006,foxess-sample-device
foxess,2025-10-02,2025-10-02T01:59:37+01:00,0.168,0.0,-0.204,0.002,foxess-sample-device
foxess,2025-10-02,2025-10-02T02:04:37+01:00,0.176,0.0,-0.213,0.004,foxess-sample-device
foxess,2025-10-02,2025-10-02T02:09:37+01:00,0.333,0.0,-0.363,0.011,foxess-sample-device
foxess,2025-10-02,2025-10-02T02:14:37+01:00,0.289,0.0,-0.329,0.002,foxess-sample-device
foxess,2025-10-02,2025-10-02T02:19:37+01:00,0.289,0.0,-0.32,0.008,foxess-sample-device
foxess,2025-10-02,2025-10-02T02:24:37+01:00,0.322,0.0,-0.362,0.001,foxess-sample-device
foxess,2025-10-02,2025-10-02T02:29:37+01:00,0.291,0.0,-0.328,0.004,foxess-sample-device
foxess,2025-10-02,2025-10-02T02:34:37+01:00,0.245,0.0,-0.279,0.005,foxess-sample-device
foxess,2025-10-02,2025-10-02T02:39:38+01:00,0.236,0.0,-0.276,0.0,foxess-sample-device
foxess,2025-10-02,2025-10-02T02:44:38+01:00,0.245,0.0,-0.281,0.005,foxess-sample-device
foxess,2025-10-02,2025-10-02T02:49:38+01:00,0.335,0.0,-0.373,0.001,foxess-sample-device
foxess,2025-10-02,2025-10-02T02:54:38+01:00,0.292,0.0,-0.327,0.007,foxess-sample-device
foxess,2025-10-02,2025-10-02T02:59:38+01:00,0.291,0.0,-0.327,0.003,foxess-sample-device
foxess,2025-10-02,2025-10-02T03:04:38+01:00,0.295,0.0,-0.329,0.01,foxess-sample-device
foxess,2025-10-02,2025-10-02T03:09:38+01:00,0.294,0.0,-0.324,0.011,foxess-sample-device
foxess,2025-10-02,2025-10-02T03:14:38+01:00,0.316,0.0,-0.355,0.004,foxess-sample-device
foxess,2025-10-02,2025-10-02T03:19:38+01:00,0.243,0.0,-0.278,0.008,foxess-sample-device
foxess,2025-10-02,2025-10-02T03:24:38+01:00,0.279,0.0,-0.31,0.013,foxess-sample-device
foxess,2025-10-02,2025-10-02T03:29:38+01:00,0.275,0.0,-0.305,0.01,foxess-sample-device
foxess,2025-10-02,2025-10-02T03:34:38+01:00,0.244,0.0,2.901,3.283,foxess-sample-device
foxess,2025-10-02,2025-10-02T03:39:38+01:00,0.235,0.0,2.907,3.282,foxess-sample-device
foxess,2025-10-02,2025-10-02T03:44:38+01:00,0.24,0.0,2.91,3.289,foxess-sample-device
foxess,2025-10-02,2025-10-02T03:49:38+01:00,0.234,0.0,2.912,3.287,foxess-sample-device
foxess,2025-10-02,2025-10-02T03:54:38+01:00,0.189,0.0,2.912,3.241,foxess-sample-device
foxess,2025-10-02,2025-10-02T03:59:38+01:00,0.128,0.0,2.913,3.183,foxess-sample-device
foxess,2025-10-02,2025-10-02T04:04:38+01:00,0.211,0.0,-0.249,0.003,foxess-sample-device
foxess,2025-10-02,2025-10-02T04:09:38+01:00,0.184,0.0,-0.201,0.022,foxess-sample-device
foxess,2025-10-02,2025-10-02T04:14:38+01:00,0.178,0.0,-0.207,0.011,foxess-sample-device
foxess,2025-10-02,2025-10-02T04:19:38+01:00,0.23,0.0,-0.266,0.002,foxess-sample-device
foxess,2025-10-02,2025-10-02T04:24:38+01:00,0.238,0.0,-0.272,0.005,foxess-sample-device
foxess,2025-10-02,2025-10-02T04:29:38+01:00,0.232,0.0,-0.266,0.007,foxess-sample-device
foxess,2025-10-02,2025-10-02T04:34:38+01:00,0.252,0.0,-0.291,0.004,foxess-sample-device
foxess,2025-10-02,2025-10-02T04:39:38+01:00,0.257,0.0,-0.29,0.009,foxess-sample-device
foxess,2025-10-02,2025-10-02T04:44:38+01:00,0.233,0.0,-0.264,0.009,foxess-sample-device
foxess,2025-10-02,2025-10-02T04:49:38+01:00,0.229,0.0,-0.262,0.005,foxess-sample-device
foxess,2025-10-02,2025-10-02T04:54:38+01:00,0.253,0.0,-0.291,0.001,foxess-sample-device
foxess,2025-10-02,2025-10-02T04:59:38+01:00,0.225,0.0,-0.257,0.007,foxess-sample-device
foxess,2025-10-02,2025-10-02T05:04:38+01:00,0.225,0.0,-0.264,0.003,foxess-sample-device
foxess,2025-10-02,2025-10-02T05:09:38+01:00,0.241,0.0,-0.296,-0.01,foxess-sample-device
foxess,2025-10-02,2025-10-02T05:14:38+01:00,0.223,0.0,-0.259,0.003,foxess-sample-device
foxess,2025-10-02,2025-10-02T05:19:38+01:00,0.228,0.0,-0.258,0.007,foxess-sample-device
foxess,2025-10-02,2025-10-02T05:24:38+01:00,0.233,0.0,-0.263,0.01,foxess-sample-device
foxess,2025-10-02,2025-10-02T05:29:38+01:00,0.258,0.0,-0.294,0.007,foxess-sample-device
foxess,2025-10-02,2025-10-02T05:34:38+01:00,0.259,0.0,-0.296,0.001,foxess-sample-device
foxess,2025-10-02,2025-10-02T05:39:38+01:00,0.256,0.0,-0.289,0.007,foxess-sample-device
foxess,2025-10-02,2025-10-02T05:44:38+01:00,0.257,0.0,-0.295,0.004,foxess-sample-device
foxess,2025-10-02,2025-10-02T05:49:38+01:00,0.22,0.0,-0.254,0.006,foxess-sample-device
foxess,2025-10-02,2025-10-02T05:54:38+01:00,0.225,0.0,-0.256,0.008,foxess-sample-device
foxess,2025-10-02,2025-10-02T05:59:38+01:00,0.181,0.0,-0.214,0.005,foxess-sample-device
foxess,2025-10-02,2025-10-02T06:04:38+01:00,0.556,0.0,-0.597,0.01,foxess-sample-device
foxess,2025-10-02,2025-10-02T06:09:38+01:00,0.582,0.0,-0.59,0.043,foxess-sample-device
foxess,2025-10-02,2025-10-02T06:14:38+01:00,0.558,0.0,-0.605,0.004,foxess-sample-device
foxess,2025-10-02,2025-10-02T06:19:38+01:00,0.584,0.0,-0.628,0.006,foxess-sample-device
foxess,2025-10-02,2025-10-02T06:24:38+01:00,0.211,0.0,-0.228,0.023,foxess-sample-device
foxess,2025-10-02,2025-10-02T06:29:38+01:00,0.244,0.0,-0.279,0.006,foxess-sample-device
foxess,2025-10-02,2025-10-02T06:34:38+01:00,0.247,0.0,-0.278,0.007,foxess-sample-device
foxess,2025-10-02,2025-10-02T06:39:38+01:00,0.247,0.0,-0.276,0.008,foxess-sample-device
foxess,2025-10-02,2025-10-02T06:44:38+01:00,0.236,0.0,-0.273,0.003,foxess-sample-device
foxess,2025-10-02,2025-10-02T06:49:39+01:00,0.302,0.0,-0.33,0.012,foxess-sample-device
foxess,2025-10-02,2025-10-02T06:54:39+01:00,0.32,0.0,-0.354,0.008,foxess-sample-device
foxess,2025-10-02,2025-10-02T06:59:39+01:00,0.305,0.0,-0.341,0.004,foxess-sample-device
foxess,2025-10-02,2025-10-02T07:04:39+01:00,0.316,0.0,-0.352,0.007,foxess-sample-device
foxess,2025-10-02,2025-10-02T07:09:39+01:00,0.366,0.0,-0.404,0.004,foxess-sample-device
foxess,2025-10-02,2025-10-02T07:14:39+01:00,1.232,0.0,-1.291,0.006,foxess-sample-device
foxess,2025-10-02,2025-10-02T07:19:39+01:00,0.312,0.0,-0.342,0.007,foxess-sample-device
foxess,2025-10-02,2025-10-02T07:24:41+01:00,0.307,0.0,-0.339,0.002,foxess-sample-device
foxess,2025-10-02,2025-10-02T07:29:39+01:00,0.31,0.0,-0.328,0.006,foxess-sample-device
foxess,2025-10-02,2025-10-02T07:34:39+01:00,0.265,0.0,-0.293,0.007,foxess-sample-device
foxess,2025-10-02,2025-10-02T07:39:41+01:00,0.262,0.027,-0.245,0.011,foxess-sample-device
foxess,2025-10-02,2025-10-02T07:44:39+01:00,0.277,0.057,-0.26,-0.022,foxess-sample-device
foxess,2025-10-02,2025-10-02T07:49:39+01:00,0.322,0.067,-0.259,-0.004,foxess-sample-device
foxess,2025-10-02,2025-10-02T07:54:39+01:00,0.322,0.124,-0.195,0.0,foxess-sample-device
foxess,2025-10-02,2025-10-02T07:59:39+01:00,0.36,0.136,-0.208,0.013,foxess-sample-device
foxess,2025-10-02,2025-10-02T08:04:39+01:00,0.341,0.133,-0.177,-0.002,foxess-sample-device
foxess,2025-10-02,2025-10-02T08:09:39+01:00,0.308,0.169,-0.153,0.0,foxess-sample-device
foxess,2025-10-02,2025-10-02T08:14:39+01:00,0.319,0.173,-0.134,0.004,foxess-sample-device
foxess,2025-10-02,2025-10-02T08:19:39+01:00,0.241,0.2,-0.064,0.006,foxess-sample-device
foxess,2025-10-02,2025-10-02T08:24:39+01:00,0.241,0.171,-0.071,0.011,foxess-sample-device
foxess,2025-10-02,2025-10-02T08:29:39+01:00,0.241,0.131,-0.108,-0.002,foxess-sample-device
foxess,2025-10-02,2025-10-02T08:34:39+01:00,0.338,0.161,-0.183,0.004,foxess-sample-device
foxess,2025-10-02,2025-10-02T08:39:39+01:00,0.326,0.2,-0.131,0.012,foxess-sample-device
foxess,2025-10-02,2025-10-02T08:44:39+01:00,0.325,0.204,-0.116,0.005,foxess-sample-device
foxess,2025-10-02,2025-10-02T08:49:39+01:00,0.337,0.24,-0.111,0.018,foxess-sample-device
foxess,2025-10-02,2025-10-02T08:54:39+01:00,0.23,0.242,0.005,0.003,foxess-sample-device
foxess,2025-10-02,2025-10-02T08:59:39+01:00,0.235,0.239,0.011,0.021,foxess-sample-device
growatt,2025-09-23,2025-09-23T00:00:09,0.17,0.0,-0.33,-0.16,EGM7F5T043
growatt,2025-09-23,2025-09-23T00:01:09,0.17,0.0,-0.33,-0.16,EGM7F5T043
growatt,2025-09-23,2025-09-23T00:02:09,0.16,0.0,-0.33,-0.17,EGM7F5T043
growatt,2025-09-23,2025-09-23T00:03:09,0.17,0.0,-0.33,-0.16,EGM7F5T043
growatt,2025-09-23,2025-09-23T00:04:09,0.17,0.0,-0.33,-0.16,EGM7F5T043
growatt,2025-09-23,2025-09-23T00:05:09,0.16,0.0,-0.33,-0.17,EGM7F5T043
growatt,2025-09-23,2025-09-23T00:06:09,0.17,0.0,-0.33,-0.16,EGM7F5T043
growatt,2025-09-23,2025-09-23T00:07:09,0.17,0.0,-0.33,-0.16,EGM7F5T043
growatt,2025-09-23,2025-09-23T00:08:09,0.16,0.0,-0.33,-0.17,EGM7F5T043
growatt,2025-09-23,2025-09-23T00:09:09,0.17,0.0,-0.33,-0.16,EGM7F5T043
growatt,2025-09-23,2025-09-23T00:10:09,0.16,0.0,-0.32,-0.16,EGM7F5T043
growatt,2025-09-23,2025-09-23T00:11:09,0.16,0.0,-0.33,-0.17,EGM7F5T043
growatt,2025-09-23,2025-09-23T00:12:09,0.17,0.0,-0.33,-0.16,EGM7F5T043
growatt,2025-09-23,2025-09-23T00:13:09,0.17,0.0,-0.33,-0.16,EGM7F5T043
growatt,2025-09-23,2025-09-23T00:14:09,0.16,0.0,-0.33,-0.17,EGM7F5T043
growatt,2025-09-23,2025-09-23T00:15:09,0.17,0.0,-0.33,-0.16,EGM7F5T043
growatt,2025-09-23,2025-09-23T00:16:09,0.22,0.0,-0.39,-0.17,EGM7F5T043
growatt,2025-09-23,2025-09-23T00:17:09,0.23,0.0,-0.4,-0.17,EGM7F5T043
growatt,2025-09-23,2025-09-23T00:18:09,0.22,0.0,-0.39,-0.17,EGM7F5T043
growatt,2025-09-23,2025-09-23T00:19:09,0.22,0.0,-0.39,-0.17,EGM7F5T043
growatt,2025-09-23,2025-09-23T00:20:09,0.22,0.0,-0.4,-0.18,EGM7F5T043
growatt,2025-09-23,2025-09-23T00:21:09,0.22,0.0,-0.39,-0.17,EGM7F5T043
growatt,2025-09-23,2025-09-23T00:22:09,0.22,0.0,-0.39,-0.17,EGM7F5T043
growatt,2025-09-23,2025-09-23T00:23:09,0.22,0.0,-0.39,-0.17,EGM7F5T043
growatt,2025-09-23,2025-09-23T00:24:09,0.22,0.0,-0.39,-0.17,EGM7F5T043
growatt,2025-09-23,2025-09-23T00:25:09,0.22,0.0,-0.39,-0.17,EGM7F5T043
growatt,2025-09-23,2025-09-23T00:26:09,0.22,0.0,-0.39,-0.17,EGM7F5T043
growatt,2025-09-23,2025-09-23T00:27:09,0.22,0.0,-0.39,-0.17,EGM7F5T043
growatt,2025-09-23,2025-09-23T00:28:09,0.23,0.0,-0.39,-0.16,EGM7F5T043
growatt,2025-09-23,2025-09-23T00:29:09,0.22,0.0,-0.39,-0.17,EGM7F5T043
growatt,2025-09-23,2025-09-23T00:30:09,0.21,0.0,-0.39,-0.18,EGM7F5T043
growatt,2025-09-23,2025-09-23T00:31:09,0.22,0.0,-0.38,-0.16,EGM7F5T043
growatt,2025-09-23,2025-09-23T00:32:09,0.22,0.0,-0.39,-0.17,EGM7F5T043
growatt,2025-09-23,2025-09-23T00:33:09,0.22,0.0,-0.39,-0.17,EGM7F5T043
growatt,2025-09-23,2025-09-23T00:34:09,0.22,0.0,-0.39,-0.17,EGM7F5T043
growatt,2025-09-23,2025-09-23T00:35:09,0.22,0.0,-0.39,-0.17,EGM7F5T043
growatt,2025-09-23,2025-09-23T00:36:09,0.22,0.0,-0.39,-0.17,EGM7F5T043
growatt,2025-09-23,2025-09-23T00:37:09,0.22,0.0,-0.39,-0.17,EGM7F5T043
growatt,2025-09-23,2025-09-23T00:38:09,0.22,0.0,-0.39,-0.17,EGM7F5T043
growatt,2025-09-23,2025-09-23T00:39:09,0.22,0.0,-0.39,-0.17,EGM7F5T043
growatt,2025-09-23,2025-09-23T00:40:09,0.23,0.0,-0.4,-0.17,EGM7F5T043
growatt,2025-09-23,2025-09-23T00:41:09,0.22,0.0,-0.39,-0.17,EGM7F5T043
growatt,2025-09-23,2025-09-23T00:42:09,0.22,0.0,-0.39,-0.17,EGM7F5T043
growatt,2025-09-23,2025-09-23T00:43:09,0.22,0.0,-0.39,-0.17,EGM7F5T043
growatt,2025-09-23,2025-09-23T00:44:09,0.22,0.0,-0.39,-0.17,EGM7F5T043
growatt,2025-09-23,2025-09-23T00:45:09,0.21,0.0,-0.38,-0.17,EGM7F5T043
growatt,2025-09-23,2025-09-23T00:46:09,0.22,0.0,-0.39,-0.17,EGM7F5T043
growatt,2025-09-23,2025-09-23T00:47:09,0.23,0.0,-0.39,-0.16,EGM7F5T043
growatt,2025-09-23,2025-09-23T00:48:09,0.21,0.0,-0.38,-0.17,EGM7F5T043
growatt,2025-09-23,2025-09-23T00:49:09,0.22,0.0,-0.39339999999999997,-0.17,EGM7F5T043
growatt,2025-09-23,2025-09-23T00:50:09,0.22,0.0,-0.39,-0.17,EGM7F5T043
growatt,2025-09-23,2025-09-23T00:51:09,0.22,0.0,-0.39,-0.17,EGM7F5T043
growatt,2025-09-23,2025-09-23T00:52:09,0.22,0.0,-0.39,-0.17,EGM7F5T043
growatt,2025-09-23,2025-09-23T00:53:09,0.23,0.0,-0.39,-0.16,EGM7F5T043
growatt,2025-09-23,2025-09-23T00:54:09,0.22,0.0,-0.39,-0.17,EGM7F5T043
growatt,2025-09-23,2025-09-23T00:55:09,0.22,0.0,-0.39,-0.17,EGM7F5T043
growatt,2025-09-23,2025-09-23T00:56:09,0.22,0.0,-0.39,-0.17,EGM7F5T043
growatt,2025-09-23,2025-09-23T00:57:09,0.22,0.0,-0.39,-0.17,EGM7F5T043
growatt,2025-09-23,2025-09-23T00:58:09,0.22,0.0,-0.39,-0.17,EGM7F5T043
growatt,2025-09-23,2025-09-23T00:59:09,0.22,0.0,-0.39,-0.17,EGM7F5T043
growatt,2025-09-23,2025-09-23T01:00:09,0.22,0.0,-0.39,-0.17,EGM7F5T043
growatt,2025-09-23,2025-09-23T01:01:09,0.23,0.0,-0.4,-0.17,EGM7F5T043
growatt,2025-09-23,2025-09-23T01:02:09,0.22,0.0,-0.39,-0.17,EGM7F5T043
growatt,2025-09-23,2025-09-23T01:03:09,0.22,0.0,-0.39,-0.17,EGM7F5T043
growatt,2025-09-23,2025-09-23T01:04:09,0.22,0.0,-0.39,-0.17,EGM7F5T043
growatt,2025-09-23,2025-09-23T01:05:09,0.22,0.0,-0.39,-0.17,EGM7F5T043
growatt,2025-09-23,2025-09-23T01:06:09,0.22,0.0,-0.39,-0.17,EGM7F5T043
growatt,2025-09-23,2025-09-23T01:07:09,0.22,0.0,-0.39,-0.17,EGM7F5T043
growatt,2025-09-23,2025-09-23T01:08:09,0.22,0.0,-0.39,-0.17,EGM7F5T043
growatt,2025-09-23,2025-09-23T01:09:09,0.22,0.0,-0.39,-0.17,EGM7F5T043
growatt,2025-09-23,2025-09-23T01:10:09,0.22,0.0,-0.39,-0.17,EGM7F5T043
growatt,2025-09-23,2025-09-23T01:11:09,0.22,0.0,-0.39,-0.17,EGM7F5T043
growatt,2025-09-23,2025-09-23T01:12:09,0.22,0.0,-0.39,-0.17,EGM7F5T043
growatt,2025-09-23,2025-09-23T01:13:09,0.17,0.0,-0.34,-0.17,EGM7F5T043
growatt,2025-09-23,2025-09-23T01:14:09,0.17,0.0,-0.33,-0.16,EGM7F5T043
growatt,2025-09-23,2025-09-23T01:15:09,0.17,0.0,-0.34,-0.17,EGM7F5T043
growatt,2025-09-23,2025-09-23T01:16:09,0.19,0.0,-0.36,-0.17,EGM7F5T043
growatt,2025-09-23,2025-09-23T01:17:09,0.19,0.0,-0.36,-0.17,EGM7F5T043
growatt,2025-09-23,2025-09-23T01:18:09,0.19,0.0,-0.36,-0.17,EGM7F5T043
growatt,2025-09-23,2025-09-23T01:19:09,0.19,0.0,-0.37,-0.18,EGM7F5T043
growatt,2025-09-23,2025-09-23T01:20:09,0.19,0.0,-0.35,-0.16,EGM7F5T043
growatt,2025-09-23,2025-09-23T01:21:09,0.19,0.0,-0.36,-0.17,EGM7F5T043
growatt,2025-09-23,2025-09-23T01:22:09,0.19,0.0,-0.36160000000000003,-0.17,EGM7F5T043
growatt,2025-09-23,2025-09-23T01:23:09,0.18,0.0,-0.34,-0.16,EGM7F5T043
growatt,2025-09-23,2025-09-23T01:24:09,0.16,0.0,-0.33,-0.17,EGM7F5T043
growatt,2025-09-23,2025-09-23T01:25:09,0.16,0.0,-0.33,-0.17,EGM7F5T043
growatt,2025-09-23,2025-09-23T01:26:09,0.17,0.0,-0.33,-0.16,EGM7F5T043
growatt,2025-09-23,2025-09-23T01:27:09,0.18,0.0,-0.34,-0.16,EGM7F5T043
growatt,2025-09-23,2025-09-23T01:28:09,0.17,0.0,-0.34,-0.17,EGM7F5T043
growatt,2025-09-23,2025-09-23T01:29:09,0.16,0.0,-0.33,-0.17,EGM7F5T043
growatt,2025-09-23,2025-09-23T01:30:09,0.17,0.0,-0.34,-0.17,EGM7F5T043
growatt,2025-09-23,2025-09-23T01:31:09,0.16,0.0,-0.33,-0.17,EGM7F5T043
growatt,2025-09-23,2025-09-23T01:32:09,0.17,0.0,-0.34,-0.17,EGM7F5T043
growatt,2025-09-23,2025-09-23T01:33:09,0.16,0.0,-0.33,-0.17,EGM7F5T043
growatt,2025-09-23,2025-09-23T01:34:09,0.17,0.0,-0.33,-0.16,EGM7F5T043
growatt,2025-09-23,2025-09-23T01:35:09,0.17,0.0,-0.34,-0.17,EGM7F5T043
growatt,2025-09-23,2025-09-23T01:36:09,0.17,0.0,-0.33,-0.16,EGM7F5T043
growatt,2025-09-23,2025-09-23T01:37:09,0.16,0.0,-0.33,-0.17,EGM7F5T043
growatt,2025-09-23,2025-09-23T01:38:09,0.17,0.0,-0.33,-0.16,EGM7F5T043
growatt,2025-09-23,2025-09-23T01:39:09,0.17,0.0,-0.33,-0.16,EGM7F5T043
growatt,2025-09-23,2025-09-23T01:40:09,0.16,0.0,-0.33,-0.17,EGM7F5T043
growatt,2025-09-23,2025-09-23T01:41:09,0.17,0.0,-0.34,-0.17,EGM7F5T043
growatt,2025-09-23,2025-09-23T01:42:09,0.18,0.0,-0.34,-0.16,EGM7F5T043
growatt,2025-09-23,2025-09-23T01:43:09,0.17,0.0,-0.34,-0.17,EGM7F5T043
growatt,2025-09-23,2025-09-23T01:44:09,0.17,0.0,-0.34,-0.17,EGM7F5T043
growatt,2025-09-23,2025-09-23T01:45:09,0.17,0.0,-0.33,-0.16,EGM7F5T043
growatt,2025-09-23,2025-09-23T01:46:09,0.17,0.0,-0.33,-0.16,EGM7F5T043
growatt,2025-09-23,2025-09-23T01:47:09,0.16,0.0,-0.3385,-0.17,EGM7F5T043
growatt,2025-09-23,2025-09-23T01:48:09,0.16,0.0,-0.33,-0.17,EGM7F5T043
growatt,2025-09-23,2025-09-23T01:49:09,0.17,0.0,-0.34,-0.17,EGM7F5T043
growatt,2025-09-23,2025-09-23T01:50:09,0.17,0.0,-0.34,-0.17,EGM7F5T043
growatt,2025-09-23,2025-09-23T01:51:09,0.16,0.0,-0.33,-0.17,EGM7F5T043
growatt,2025-09-23,2025-09-23T01:52:09,0.17,0.0,-0.33,-0.16,EGM7F5T043
growatt,2025-09-23,2025-09-23T01:53:09,0.17,0.0,-0.34,-0.17,EGM7F5T043
growatt,2025-09-23,2025-09-23T01:54:09,0.16,0.0,-0.3374,-0.17,EGM7F5T043
growatt,2025-09-23,2025-09-23T01:55:09,0.16,0.0,-0.33,-0.17,EGM7F5T043
growatt,2025-09-23,2025-09-23T01:56:09,0.17,0.0,-0.34,-0.17,EGM7F5T043
growatt,2025-09-23,2025-09-23T01:57:09,0.16,0.0,-0.33,-0.17,EGM7F5T043
growatt,2025-09-23,2025-09-23T01:58:09,0.16,0.0,-0.33,-0.17,EGM7F5T043
growatt,2025-09-23,2025-09-23T01:59:09,0.16,0.0,-0.33,-0.17,EGM7F5T043
growatt,2025-09-23,2025-09-23T02:00:09,0.17,0.0,-0.34,-0.17,EGM7F5T043
growatt,2025-09-23,2025-09-23T02:01:09,0.17,0.0,-0.34,-0.17,EGM7F5T043
growatt,2025-09-23,2025-09-23T02:02:09,0.16,0.0,-0.33,-0.17,EGM7F5T043
growatt,2025-09-23,2025-09-23T02:03:09,0.23,0.0,-0.4,-0.17,EGM7F5T043
growatt,2025-09-23,2025-09-23T02:04:09,0.23,0.0,-0.4,-0.17,EGM7F5T043
growatt,2025-09-23,2025-09-23T02:05:09,0.23,0.0,-0.4,-0.17,EGM7F5T043
growatt,2025-09-23,2025-09-23T02:06:09,0.22,0.0,-0.39,-0.17,EGM7F5T043
growatt,2025-09-23,2025-09-23T02:07:09,0.22,0.0,-0.39,-0.17,EGM7F5T043
growatt,2025-09-23,2025-09-23T02:08:09,0.22,0.0,-0.39,-0.17,EGM7F5T043
growatt,2025-09-23,2025-09-23T02:09:09,0.22,0.0,-0.39,-0.17,EGM7F5T043
growatt,2025-09-23,2025-09-23T02:10:09,0.22,0.0,-0.39,-0.17,EGM7F5T043
growatt,2025-09-23,2025-09-23T02:11:09,0.22,0.0,-0.39,-0.17,EGM7F5T043
growatt,2025-09-23,2025-09-23T02:12:09,0.22,0.0,-0.4,-0.18,EGM7F5T043
growatt,2025-09-23,2025-09-23T02:13:09,0.23,0.0,-0.4,-0.17,EGM7F5T043
growatt,2025-09-23,2025-09-23T02:14:09,0.22,0.0,-0.39,-0.17,EGM7F5T043
growatt,2025-09-23,2025-09-23T02:15:09,0.22,0.0,-0.39,-0.17,EGM7F5T043
growatt,2025-09-23,2025-09-23T02:16:09,0.22,0.0,-0.4,-0.18,EGM7F5T043
growatt,2025-09-23,2025-09-23T02:17:09,0.22,0.0,-0.39,-0.17,EGM7F5T043
growatt,2025-09-23,2025-09-23T02:18:09,0.22,0.0,-0.39,-0.17,EGM7F5T043
growatt,2025-09-23,2025-09-23T02:19:09,0.21,0.0,-0.39,-0.18,EGM7F5T043
growatt,2025-09-23,2025-09-23T02:20:09,0.23,0.0,-0.4,-0.17,EGM7F5T043
growatt,2025-09-23,2025-09-23T02:21:09,0.22,0.0,-0.39,-0.17,EGM7F5T043
growatt,2025-09-23,2025-09-23T02:22:09,0.23,0.0,-0.39,-0.16,EGM7F5T043
growatt,2025-09-23,2025-09-23T02:23:09,0.22,0.0,-0.39,-0.17,EGM7F5T043
growatt,2025-09-23,2025-09-23T02:24:09,0.3,0.0,-0.49,-0.19,EGM7F5T043
growatt,2025-09-23,2025-09-23T02:25:09,0.29,0.0,-0.4736,-0.18,EGM7F5T043
growatt,2025-09-23,2025-09-23T02:26:09,0.29,0.0,-0.47,-0.18,EGM7F5T043
growatt,2025-09-23,2025-09-23T02:27:09,0.29,0.0,-0.4745,-0.18,EGM7F5T043
growatt,2025-09-23,2025-09-23T02:28:09,0.3,0.0,-0.48,-0.18,EGM7F5T043
growatt,2025-09-23,2025-09-23T02:29:09,0.29,0.0,-0.48,-0.19,EGM7F5T043
growatt,2025-09-23,2025-09-23T02:30:09,0.3,0.0,-0.48,-0.18,EGM7F5T043
growatt,2025-09-23,2025-09-23T02:31:09,0.29,0.0,-0.47,-0.18,EGM7F5T043
growatt,2025-09-23,2025-09-23T02:32:09,0.29,0.0,-0.47,-0.18,EGM7F5T043
growatt,2025-09-23,2025-09-23T02:33:09,0.3,0.0,-0.47,-0.17,EGM7F5T043
growatt,2025-09-23,2025-09-23T02:34:09,0.29,0.0,-0.47,-0.18,EGM7F5T043
growatt,2025-09-23,2025-09-23T02:35:09,0.29,0.0,-0.47,-0.18,EGM7F5T043
growatt,2025-09-23,2025-09-23T02:36:09,0.29,0.0,-0.48,-0.19,EGM7F5T043
growatt,2025-09-23,2025-09-23T02:37:09,0.29,0.0,-0.47,-0.18,EGM7F5T043
growatt,2025-09-23,2025-09-23T02:38:09,0.29,0.0,-0.47,-0.18,EGM7F5T043
growatt,2025-09-23,2025-09-23T02:39:09,0.28,0.0,-0.46,-0.18,EGM7F5T043
growatt,2025-09-23,2025-09-23T02:40:12,0.29,0.0,-0.47,-0.18,EGM7F5T043
growatt,2025-09-23,2025-09-23T02:41:09,0.28,0.0,-0.48160000000000003,-0.19,EGM7F5T043
growatt,2025-09-23,2025-09-23T02:42:09,0.28,0.0,-0.47,-0.19,EGM7F5T043
growatt,2025-09-23,2025-09-23T02:43:09,0.29,0.0,-0.47,-0.18,EGM7F5T043
growatt,2025-09-23,2025-09-23T02:44:09,0.28,0.0,-0.46,-0.18,EGM7F5T043
growatt,2025-09-23,2025-09-23T02:45:13,0.28,0.0,-0.46,-0.18,EGM7F5T043
growatt,2025-09-23,2025-09-23T02:46:09,0.28,0.0,-0.4688,-0.18,EGM7F5T043
growatt,2025-09-23,2025-09-23T02:47:09,0.28,0.0,-0.46,-0.18,EGM7F5T043
growatt,2025-09-23,2025-09-23T02:48:09,0.28,0.0,-0.46,-0.18,EGM7F5T043
growatt,2025-09-23,2025-09-23T02:49:09,0.29,0.0,-0.47,-0.18,EGM7F5T043
growatt,2025-09-23,2025-09-23T02:50:09,0.29,0.0,-0.47,-0.18,EGM7F5T043
growatt,2025-09-23,2025-09-23T02:51:09,0.28,0.0,-0.46,-0.18,EGM7F5T043
growatt,2025-09-23,2025-09-23T02:52:09,0.29,0.0,-0.47,-0.18,EGM7F5T043
growatt,2025-09-23,2025-09-23T02:53:09,0.29,0.0,-0.4792,-0.18,EGM7F5T043
growatt,2025-09-23,2025-09-23T02:54:09,0.29,0.0,-0.48,-0.19,EGM7F5T043
growatt,2025-09-23,2025-09-23T02:55:09,0.28,0.0,-0.4681,-0.18,EGM7F5T043
growatt,2025-09-23,2025-09-23T02:56:09,0.24,0.0,-0.41,-0.17,EGM7F5T043
growatt,2025-09-23,2025-09-23T02:57:09,0.23,0.0,-0.4,-0.17,EGM7F5T043
growatt,2025-09-23,2025-09-23T02:58:09,0.23,0.0,-0.4063,-0.17,EGM7F5T043
growatt,2025-09-23,2025-09-23T02:59:09,0.23,0.0,-0.4,-0.17,EGM7F5T043
growatt,2025-09-23,2025-09-23T03:00:09,0.23,0.0,-0.4176,-0.18,EGM7F5T043
growatt,2025-09-23,2025-09-23T03:01:09,0.23,0.0,-0.4,-0.17,EGM7F5T043
growatt,2025-09-23,2025-09-23T03:02:09,0.23,0.0,-0.4,-0.17,EGM7F5T043
growatt,2025-09-23,2025-09-23T03:03:09,0.23,0.0,-0.4,-0.17,EGM7F5T043
growatt,2025-09-23,2025-09-23T03:04:09,0.23,0.0,-0.4,-0.17,EGM7F5T043
growatt,2025-09-23,2025-09-23T03:05:09,0.22,0.0,-0.4,-0.18,EGM7F5T043
growatt,2025-09-23,2025-09-23T03:06:09,0.23,0.0,-0.4,-0.17,EGM7F5T043
growatt,2025-09-23,2025-09-23T03:07:09,0.23,0.0,-0.4,-0.17,EGM7F5T043
growatt,2025-09-23,2025-09-23T03:08:09,0.23,0.0,-0.4,-0.17,EGM7F5T043
growatt,2025-09-23,2025-09-23T03:09:09,0.18,0.0,-0.34,-0.16,EGM7F5T043
growatt,2025-09-23,2025-09-23T03:10:09,0.16,0.0,-0.33,-0.17,EGM7F5T043
growatt,2025-09-23,2025-09-23T03:11:09,0.17,0.0,-0.34,-0.17,EGM7F5T043
growatt,2025-09-23,2025-09-23T03:12:09,0.17,0.0,-0.34,-0.17,EGM7F5T043
growatt,2025-09-23,2025-09-23T03:13:09,0.17,0.0,-0.34,-0.17,EGM7F5T043
growatt,2025-09-23,2025-09-23T03:14:09,0.17,0.0,-0.34,-0.17,EGM7F5T043
growatt,2025-09-23,2025-09-23T03:15:09,0.16,0.0,-0.33,-0.17,EGM7F5T043
growatt,2025-09-23,2025-09-23T03:16:09,0.16,0.0,-0.33,-0.17,EGM7F5T043
growatt,2025-09-23,2025-09-23T03:17:09,0.17,0.0,-0.34,-0.17,EGM7F5T043
growatt,2025-09-23,2025-09-23T03:18:09,0.17,0.0,-0.33,-0.16,EGM7F5T043
growatt,2025-09-23,2025-09-23T03:19:09,0.17,0.0,-0.3365,-0.16,EGM7F5T043
growatt,2025-09-23,2025-09-23T03:20:09,0.16,0.0,-0.33,-0.17,EGM7F5T043
growatt,2025-09-23,2025-09-23T03:21:09,0.16,0.0,-0.33,-0.17,EGM7F5T043
growatt,2025-09-23,2025-09-23T03:22:09,0.17,0.0,-0.34,-0.17,EGM7F5T043
growatt,2025-09-23,2025-09-23T03:23:09,0.17,0.0,-0.34,-0.17,EGM7F5T043
growatt,2025-09-23,2025-09-23T03:24:09,0.17,0.0,-0.34,-0.17,EGM7F5T043
growatt,2025-09-23,2025-09-23T03:25:09,0.16,0.0,-0.3407,-0.17,EGM7F5T043
growatt,2025-09-23,2025-09-23T03:26:09,0.17,0.0,-0.34,-0.17,EGM7F5T043
growatt,2025-09-23,2025-09-23T03:27:09,0.17,0.0,-0.33,-0.16,EGM7F5T043
growatt,2025-09-23,2025-09-23T03:28:09,0.16,0.0,-0.33,-0.17,EGM7F5T043
growatt,2025-09-23,2025-09-23T03:29:09,0.16,0.0,-0.33,-0.17,EGM7F5T043
growatt,2025-09-23,2025-09-23T03:30:09,0.16,0.0,-0.33,-0.17,EGM7F5T043
growatt,2025-09-23,2025-09-23T03:31:09,0.18,0.0,-0.3388,-0.16,EGM7F5T043
growatt,2025-09-23,2025-09-23T03:32:09,0.17,0.0,-0.33,-0.16,EGM7F5T043
growatt,2025-09-23,2025-09-23T03:33:09,0.17,0.0,-0.33,-0.16,EGM7F5T043
growatt,2025-09-23,2025-09-23T03:34:09,0.17,0.0,-0.33,-0.16,EGM7F5T043
growatt,2025-09-23,2025-09-23T03:35:09,0.16,0.0,-0.33,-0.17,EGM7F5T043
growatt,2025-09-23,2025-09-23T03:36:09,0.17,0.0,-0.33,-0.16,EGM7F5T043
growatt,2025-09-23,2025-09-23T03:37:09,0.17,0.0,-0.33,-0.16,EGM7F5T043
growatt,2025-09-23,2025-09-23T03:38:09,0.17,0.0,-0.33,-0.16,EGM7F5T043
growatt,2025-09-23,2025-09-23T03:39:09,0.17,0.0,-0.34,-0.17,EGM7F5T043
growatt,2025-09-23,2025-09-23T03:40:09,0.18,0.0,-0.34,-0.16,EGM7F5T043
growatt,2025-09-23,2025-09-23T03:41:09,0.16,0.0,-0.33,-0.17,EGM7F5T043
growatt,2025-09-23,2025-09-23T03:42:09,0.17,0.0,-0.34,-0.17,EGM7F5T043
growatt,2025-09-23,2025-09-23T03:43:09,0.18,0.0,-0.34,-0.16,EGM7F5T043
growatt,2025-09-23,2025-09-23T03:44:09,0.17,0.0,-0.34,-0.17,EGM7F5T043
growatt,2025-09-23,2025-09-23T03:45:09,0.18,0.0,-0.3501,-0.17,EGM7F5T043
growatt,2025-09-23,2025-09-23T03:46:09,0.17,0.0,-0.34,-0.17,EGM7F5T043
growatt,2025-09-23,2025-09-23T03:47:09,0.24,0.0,-0.41,-0.17,EGM7F5T043
growatt,2025-09-23,2025-09-23T03:48:09,0.24,0.0,-0.41,-0.17,EGM7F5T043
growatt,2025-09-23,2025-09-23T03:49:09,0.23,0.0,-0.4,-0.17,EGM7F5T043
growatt,2025-09-23,2025-09-23T03:50:09,0.23,0.0,-0.4,-0.17,EGM7F5T043
growatt,2025-09-23,2025-09-23T03:51:09,0.23,0.0,-0.4,-0.17,EGM7F5T043
growatt,2025-09-23,2025-09-23T03:52:09,0.23,0.0,-0.4,-0.17,EGM7F5T043
growatt,2025-09-23,2025-09-23T03:53:09,0.23,0.0,-0.4,-0.17,EGM7F5T043
growatt,2025-09-23,2025-09-23T03:54:09,0.23,0.0,-0.4,-0.17,EGM7F5T043
growatt,2025-09-23,2025-09-23T03:55:09,0.23,0.0,-0.4,-0.17,EGM7F5T043
growatt,2025-09-23,2025-09-23T03:56:09,0.23,0.0,-0.4,-0.17,EGM7F5T043
growatt,2025-09-23,2025-09-23T03:57:09,0.23,0.0,-0.4,-0.17,EGM7F5T043
growatt,2025-09-23,2025-09-23T03:58:09,0.24,0.0,-0.4,-0.16,EGM7F5T043
growatt,2025-09-23,2025-09-23T03:59:09,0.23,0.0,-0.4,-0.17,EGM7F5T043
growatt,2025-09-23,2025-09-23T04:00:09,0.22,0.0,-0.4,-0.18,EGM7F5T043
growatt,2025-09-23,2025-09-23T04:01:09,0.23,0.0,-0.4,-0.17,EGM7F5T043
growatt,2025-09-23,2025-09-23T04:02:09,0.23,0.0,-0.4,-0.17,EGM7F5T043
growatt,2025-09-23,2025-09-23T04:03:09,0.23,0.0,-0.4,-0.17,EGM7F5T043
growatt,2025-09-23,2025-09-23T04:04:09,0.23,0.0,-0.4,-0.17,EGM7F5T043
growatt,2025-09-23,2025-09-23T04:05:09,0.22,0.0,-0.4,-0.18,EGM7F5T043
growatt,2025-09-23,2025-09-23T04:06:09,0.23,0.0,-0.4,-0.17,EGM7F5T043
growatt,2025-09-23,2025-09-23T04:07:09,0.22,0.0,-0.39,-0.17,EGM7F5T043
growatt,2025-09-23,2025-09-23T04:08:09,0.22,0.0,-0.39,-0.17,EGM7F5T043
growatt,2025-09-23,2025-09-23T04:09:09,0.22,0.0,-0.39,-0.17,EGM7F5T043
growatt,2025-09-23,2025-09-23T04:10:09,0.22,0.0,-0.39,-0.17,EGM7F5T043
growatt,2025-09-23,2025-09-23T04:11:09,0.23,0.0,-0.4,-0.17,EGM7F5T043
growatt,2025-09-23,2025-09-23T04:12:09,0.23,0.0,-0.4,-0.17,EGM7F5T043
growatt,2025-09-23,2025-09-23T04:13:09,0.22,0.0,-0.39,-0.17,EGM7F5T043
growatt,2025-09-23,2025-09-23T04:14:09,0.22,0.0,-0.39,-0.17,EGM7F5T043
growatt,2025-09-23,2025-09-23T04:15:09,0.22,0.0,-0.4,-0.18,EGM7F5T043
growatt,2025-09-23,2025-09-23T04:16:09,0.23,0.0,-0.4,-0.17,EGM7F5T043
growatt,2025-09-23,2025-09-23T04:17:09,0.23,0.0,-0.4,-0.17,EGM7F5T043
growatt,2025-09-23,2025-09-23T04:18:09,0.22,0.0,-0.4,-0.18,EGM7F5T043
growatt,2025-09-23,2025-09-23T04:19:09,0.22,0.0,-0.4,-0.18,EGM7F5T043
growatt,2025-09-23,2025-09-23T04:20:09,0.22,0.0,-0.4,-0.18,EGM7F5T043
growatt,2025-09-23,2025-09-23T04:21:09,0.23,0.0,-0.4,-0.17,EGM7F5T043
growatt,2025-09-23,2025-09-23T04:22:09,0.22,0.0,-0.4,-0.18,EGM7F5T043
growatt,2025-09-23,2025-09-23T04:23:09,0.23,0.0,-0.4,-0.17,EGM7F5T043
growatt,2025-09-23,2025-09-23T04:24:09,0.22,0.0,-0.4,-0.18,EGM7F5T043
growatt,2025-09-23,2025-09-23T04:25:09,0.23,0.0,-0.4,-0.17,EGM7F5T043
growatt,2025-09-23,2025-09-23T04:26:09,0.23,0.0,-0.41,-0.18,EGM7F5T043
growatt,2025-09-23,2025-09-23T04:27:09,0.24,0.0,-0.41,-0.17,EGM7F5T043
growatt,2025-09-23,2025-09-23T04:28:09,0.23,0.0,-0.41,-0.18,EGM7F5T043
growatt,2025-09-23,2025-09-23T04:29:09,0.24,0.0,-0.41,-0.17,EGM7F5T043
growatt,2025-09-23,2025-09-23T04:30:09,0.22,0.0,-0.39,-0.17,EGM7F5T043
growatt,2025-09-23,2025-09-23T04:31:09,0.22,0.0,-0.39,-0.17,EGM7F5T043
growatt,2025-09-23,2025-09-23T04:32:09,0.22,0.0,-0.4,-0.18,EGM7F5T043
growatt,2025-09-23,2025-09-23T04:33:09,0.22,0.0,-0.39,-0.17,EGM7F5T043
growatt,2025-09-23,2025-09-23T04:34:09,0.23,0.0,-0.41,-0.18,EGM7F5T043
growatt,2025-09-23,2025-09-23T04:35:09,0.23,0.0,-0.41,-0.18,EGM7F5T043
growatt,2025-09-23,2025-09-23T04:36:09,0.24,0.0,-0.41,-0.17,EGM7F5T043
growatt,2025-09-23,2025-09-23T04:37:09,0.22,0.0,-0.4,-0.18,EGM7F5T043
growatt,2025-09-23,2025-09-23T04:38:09,0.22,0.0,-0.39,-0.17,EGM7F5T043
growatt,2025-09-23,2025-09-23T04:39:09,0.22,0.0,-0.4,-0.18,EGM7F5T043
growatt,2025-09-23,2025-09-23T04:40:09,0.18,0.0,-0.35,-0.17,EGM7F5T043
growatt,2025-09-23,2025-09-23T04:41:09,0.18,0.0,-0.357,-0.17,EGM7F5T043
growatt,2025-09-23,2025-09-23T04:42:09,0.18,0.0,-0.35,-0.17,EGM7F5T043
growatt,2025-09-23,2025-09-23T04:43:09,0.18,0.0,-0.35,-0.17,EGM7F5T043
growatt,2025-09-23,2025-09-23T04:44:09,0.17,0.0,-0.33,-0.16,EGM7F5T043
growatt,2025-09-23,2025-09-23T04:45:09,0.17,0.0,-0.34,-0.17,EGM7F5T043
growatt,2025-09-23,2025-09-23T04:46:09,0.17,0.0,-0.34,-0.17,EGM7F5T043
growatt,2025-09-23,2025-09-23T04:47:09,0.18,0.0,-0.35,-0.17,EGM7F5T043
growatt,2025-09-23,2025-09-23T04:48:09,0.18,0.0,-0.35,-0.17,EGM7F5T043
growatt,2025-09-23,2025-09-23T04:49:09,0.19,0.0,-0.35,-0.16,EGM7F5T043
growatt,2025-09-23,2025-09-23T04:50:09,0.18,0.0,-0.35,-0.17,EGM7F5T043
growatt,2025-09-23,2025-09-23T04:51:09,0.18,0.0,-0.34,-0.16,EGM7F5T043
growatt,2025-09-23,2025-09-23T04:52:09,0.17,0.0,-0.34,-0.17,EGM7F5T043
growatt,2025-09-23,2025-09-23T04:53:09,0.17,0.0,-0.34,-0.17,EGM7F5T043
growatt,2025-09-23,2025-09-23T04:54:09,0.17,0.0,-0.34,-0.17,EGM7F5T043
growatt,2025-09-23,2025-09-23T04:55:09,0.18,0.0,-0.34,-0.16,EGM7F5T043
growatt,2025-09-23,2025-09-23T04:56:09,0.17,0.0,-0.34,-0.17,EGM7F5T043
growatt,2025-09-23,2025-09-23T04:57:09,0.17,0.0,-0.34,-0.17,EGM7F5T043
growatt,2025-09-23,2025-09-23T04:58:09,0.17,0.0,-0.34,-0.17,EGM7F5T043
growatt,2025-09-23,2025-09-23T04:59:09,0.16,0.0,-0.33,-0.17,EGM7F5T043
growatt,2025-09-23,2025-09-23T05:00:09,0.17,0.0,-0.34,-0.17,EGM7F5T043
growatt,2025-09-23,2025-09-23T05:01:09,0.17,0.0,-0.34,-0.17,EGM7F5T043
growatt,2025-09-23,2025-09-23T05:02:09,0.17,0.0,-0.34,-0.17,EGM7F5T043
growatt,2025-09-23,2025-09-23T05:03:09,0.17,0.0,-0.34,-0.17,EGM7F5T043
growatt,2025-09-23,2025-09-23T05:04:09,0.17,0.0,-0.34,-0.17,EGM7F5T043
growatt,2025-09-23,2025-09-23T05:05:09,0.17,0.0,-0.3408,-0.17,EGM7F5T043
growatt,2025-09-23,2025-09-23T05:06:09,0.16,0.0,-0.33,-0.17,EGM7F5T043
growatt,2025-09-23,2025-09-23T05:07:09,0.16,0.0,-0.33,-0.17,EGM7F5T043
growatt,2025-09-23,2025-09-23T05:08:09,0.17,0.0,-0.33,-0.16,EGM7F5T043
growatt,2025-09-23,2025-09-23T05:09:09,0.17,0.0,-0.34,-0.17,EGM7F5T043
growatt,2025-09-23,2025-09-23T05:10:09,0.17,0.0,-0.34,-0.17,EGM7F5T043
growatt,2025-09-23,2025-09-23T05:11:09,0.18,0.0,-0.34,-0.16,EGM7F5T043
growatt,2025-09-23,2025-09-23T05:12:09,0.17,0.0,-0.34,-0.17,EGM7F5T043
growatt,2025-09-23,2025-09-23T05:13:09,0.17,0.0,-0.33,-0.16,EGM7F5T043
growatt,2025-09-23,2025-09-23T05:14:09,0.16,0.0,-0.33,-0.17,EGM7F5T043
growatt,2025-09-23,2025-09-23T05:15:09,0.17,0.0,-0.33,-0.16,EGM7F5T043
growatt,2025-09-23,2025-09-23T05:16:09,0.17,0.0,-0.34,-0.17,EGM7F5T043
growatt,2025-09-23,2025-09-23T05:17:09,0.16,0.0,-0.3403,-0.17,EGM7F5T043
growatt,2025-09-23,2025-09-23T05:18:09,0.17,0.0,-0.33,-0.16,EGM7F5T043
growatt,2025-09-23,2025-09-23T05:19:09,0.16,0.0,-0.33,-0.17,EGM7F5T043
growatt,2025-09-23,2025-09-23T05:20:09,0.16,0.0,-0.33,-0.17,EGM7F5T043
growatt,2025-09-23,2025-09-23T05:21:09,0.17,0.0,-0.34,-0.17,EGM7F5T043
growatt,2025-09-23,2025-09-23T05:22:09,0.17,0.0,-0.34,-0.17,EGM7F5T043
growatt,2025-09-23,2025-09-23T05:23:09,0.17,0.0,-0.33,-0.16,EGM7F5T043
growatt,2025-09-23,2025-09-23T05:24:09,0.17,0.0,-0.34,-0.17,EGM7F5T043
growatt,2025-09-23,2025-09-23T05:25:09,0.18,0.0,-0.34,-0.16,EGM7F5T043
growatt,2025-09-23,2025-09-23T05:26:09,0.18,0.0,-0.34,-0.16,EGM7F5T043
growatt,2025-09-23,2025-09-23T05:27:09,0.17,0.0,-0.34,-0.17,EGM7F5T043
growatt,2025-09-23,2025-09-23T05:28:09,0.17,0.0,-0.34,-0.17,EGM7F5T043
growatt,2025-09-23,2025-09-23T05:29:09,0.17,0.0,-0.34,-0.17,EGM7F5T043
growatt,2025-09-23,2025-09-23T05:30:09,0.16,0.0,-0.33,-0.17,EGM7F5T043
growatt,2025-09-23,2025-09-23T05:31:09,0.22,0.0,-0.4,-0.18,EGM7F5T043
growatt,2025-09-23,2025-09-23T05:32:09,0.23,0.0,-0.4,-0.17,EGM7F5T043
growatt,2025-09-23,2025-09-23T05:33:09,0.23,0.0,-0.4,-0.17,EGM7F5T043
growatt,2025-09-23,2025-09-23T05:34:09,0.23,0.0,-0.4,-0.17,EGM7F5T043
growatt,2025-09-23,2025-09-23T05:35:09,0.23,0.0,-0.4,-0.17,EGM7F5T043
growatt,2025-09-23,2025-09-23T05:36:09,0.21,0.0,-0.39,-0.18,EGM7F5T043
growatt,2025-09-23,2025-09-23T05:37:09,0.22,0.0,-0.39,-0.17,EGM7F5T043
growatt,2025-09-23,2025-09-23T05:38:09,0.22,0.0,-0.39,-0.17,EGM7F5T043
growatt,2025-09-23,2025-09-23T05:39:09,0.23,0.0,-0.4,-0.17,EGM7F5T043
growatt,2025-09-23,2025-09-23T05:40:09,0.22,0.0,-0.39,-0.17,EGM7F5T043
growatt,2025-09-23,2025-09-23T05:41:09,0.22,0.0,-0.39,-0.17,EGM7F5T043
growatt,2025-09-23,2025-09-23T05:42:09,0.21,0.0,-0.39,-0.18,EGM7F5T043
growatt,2025-09-23,2025-09-23T05:43:09,0.22,0.0,-0.39,-0.17,EGM7F5T043
growatt,2025-09-23,2025-09-23T05:44:09,0.22,0.0,-0.3945,-0.17,EGM7F5T043
growatt,2025-09-23,2025-09-23T05:45:09,0.22,0.0,-0.39,-0.17,EGM7F5T043
growatt,2025-09-23,2025-09-23T05:46:09,0.22,0.0,-0.39,-0.17,EGM7F5T043
growatt,2025-09-23,2025-09-23T05:47:09,0.22,0.0,-0.39,-0.17,EGM7F5T043
growatt,2025-09-23,2025-09-23T05:48:09,0.22,0.0,-0.39,-0.17,EGM7F5T043
growatt,2025-09-23,2025-09-23T05:49:09,0.21,0.0,-0.39,-0.18,EGM7F5T043
growatt,2025-09-23,2025-09-23T05:50:09,0.21,0.0,-0.39,-0.18,EGM7F5T043
growatt,2025-09-23,2025-09-23T05:51:09,0.22,0.0,-0.3966,-0.17,EGM7F5T043
growatt,2025-09-23,2025-09-23T05:52:09,0.22,0.0,-0.39,-0.17,EGM7F5T043
growatt,2025-09-23,2025-09-23T05:53:09,0.22,0.0,-0.39,-0.17,EGM7F5T043
growatt,2025-09-23,2025-09-23T05:54:09,0.21,0.0,-0.39,-0.18,EGM7F5T043
growatt,2025-09-23,2025-09-23T05:55:09,0.22,0.0,-0.39,-0.17,EGM7F5T043
growatt,2025-09-23,2025-09-23T05:56:09,0.22,0.0,-0.39,-0.17,EGM7F5T043
growatt,2025-09-23,2025-09-23T05:57:09,0.22,0.0,-0.39,-0.17,EGM7F5T043
growatt,2025-09-23,2025-09-23T05:58:09,0.22,0.0,-0.39,-0.17,EGM7F5T043
growatt,2025-09-23,2025-09-23T05:59:09,0.22,0.0,-0.39,-0.17,EGM7F5T043
growatt,2025-09-23,2025-09-23T06:00:09,0.22,0.0,-0.3996,-0.17,EGM7F5T043
growatt,2025-09-23,2025-09-23T06:01:09,0.22,0.0,-0.3926,-0.17,EGM7F5T043
growatt,2025-09-23,2025-09-23T06:02:09,0.22,0.0,-0.39,-0.17,EGM7F5T043
growatt,2025-09-23,2025-09-23T06:03:09,0.22,0.0,-0.39,-0.17,EGM7F5T043
growatt,2025-09-23,2025-09-23T06:04:09,0.23,0.0,-0.4,-0.17,EGM7F5T043
growatt,2025-09-23,2025-09-23T06:05:09,0.22,0.0,-0.39,-0.17,EGM7F5T043
growatt,2025-09-23,2025-09-23T06:06:09,0.22,0.0,-0.39,-0.17,EGM7F5T043
growatt,2025-09-23,2025-09-23T06:07:09,0.22,0.0,-0.3935,-0.17,EGM7F5T043
growatt,2025-09-23,2025-09-23T06:08:09,0.22,0.0,-0.39,-0.17,EGM7F5T043
growatt,2025-09-23,2025-09-23T06:09:09,0.22,0.0,-0.397,-0.17,EGM7F5T043
growatt,2025-09-23,2025-09-23T06:10:09,0.22,0.0,-0.39,-0.17,EGM7F5T043
growatt,2025-09-23,2025-09-23T06:11:09,0.22,0.0,-0.39,-0.17,EGM7F5T043
growatt,2025-09-23,2025-09-23T06:12:09,0.22,0.0,-0.39,-0.18,EGM7F5T043
growatt,2025-09-23,2025-09-23T06:13:09,0.23,0.01,-0.39,-0.17,EGM7F5T043
growatt,2025-09-23,2025-09-23T06:14:09,0.23,0.01,-0.4,-0.18,EGM7F5T043
growatt,2025-09-23,2025-09-23T06:15:09,0.23,0.01,-0.39,-0.17,EGM7F5T043
growatt,2025-09-23,2025-09-23T06:16:09,0.22,0.01,-0.38,-0.17,EGM7F5T043
growatt,2025-09-23,2025-09-23T06:17:09,0.23,0.01,-0.39,-0.17,EGM7F5T043
growatt,2025-09-23,2025-09-23T06:18:09,0.23,0.01,-0.39,-0.17,EGM7F5T043
growatt,2025-09-23,2025-09-23T06:19:09,0.23,0.02,-0.39,-0.17,EGM7F5T043
growatt,2025-09-23,2025-09-23T06:20:09,0.3,0.02,-0.46,-0.18,EGM7F5T043
growatt,2025-09-23,2025-09-23T06:21:09,0.3,0.02,-0.46,-0.18,EGM7F5T043
growatt,2025-09-23,2025-09-23T06:22:09,0.26,0.02,-0.41,-0.17,EGM7F5T043
growatt,2025-09-23,2025-09-23T06:23:09,0.26,0.02,-0.41,-0.17,EGM7F5T043
growatt,2025-09-23,2025-09-23T06:24:09,0.26,0.02,-0.41,-0.17,EGM7F5T043
growatt,2025-09-23,2025-09-23T06:25:09,0.26,0.02,-0.41,-0.17,EGM7F5T043
growatt,2025-09-23,2025-09-23T06:26:09,0.26,0.02,-0.42,-0.18,EGM7F5T043
growatt,2025-09-23,2025-09-23T06:27:09,0.26,0.02,-0.41,-0.17,EGM7F5T043
growatt,2025-09-23,2025-09-23T06:28:09,0.25,0.01,-0.42,-0.18,EGM7F5T043
growatt,2025-09-23,2025-09-23T06:29:09,0.25,0.01,-0.41,-0.17,EGM7F5T043
growatt,2025-09-23,2025-09-23T06:30:09,0.26,0.02,-0.41,-0.17,EGM7F5T043
growatt,2025-09-23,2025-09-23T06:31:09,0.25,0.02,-0.4,-0.17,EGM7F5T043
growatt,2025-09-23,2025-09-23T06:32:09,0.27,0.03,-0.41,-0.17,EGM7F5T043
growatt,2025-09-23,2025-09-23T06:33:09,0.26,0.03,-0.4,-0.17,EGM7F5T043
growatt,2025-09-23,2025-09-23T06:34:09,0.27,0.03,-0.42,-0.18,EGM7F5T043
growatt,2025-09-23,2025-09-23T06:35:09,0.26,0.03,-0.4,-0.17,EGM7F5T043
growatt,2025-09-23,2025-09-23T06:36:09,0.14,0.0,0.0,0.14,EGM7F5T043
growatt,2025-09-23,2025-09-23T06:37:09,0.21,0.03,-0.18,0.0,EGM7F5T043
growatt,2025-09-23,2025-09-23T06:38:09,0.21,0.03,-0.18,0.0,EGM7F5T043
growatt,2025-09-23,2025-09-23T06:39:09,0.22,0.04,-0.18,0.0,EGM7F5T043
growatt,2025-09-23,2025-09-23T06:40:09,0.22,0.04,-0.18280000000000002,0.0,EGM7F5T043
growatt,2025-09-23,2025-09-23T06:41:09,0.22,0.04,-0.18,0.0,EGM7F5T043
growatt,2025-09-23,2025-09-23T06:42:09,0.23,0.05,-0.18,0.0,EGM7F5T043
growatt,2025-09-23,2025-09-23T06:43:09,0.23,0.05,-0.18,0.0,EGM7F5T043
growatt,2025-09-23,2025-09-23T06:44:09,0.23,0.05,-0.1829,0.0,EGM7F5T043
growatt,2025-09-23,2025-09-23T06:45:09,0.23,0.05,-0.18,0.0,EGM7F5T043
growatt,2025-09-23,2025-09-23T06:46:09,0.23,0.05,-0.1829,0.0,EGM7F5T043
growatt,2025-09-23,2025-09-23T06:47:09,0.23,0.05,-0.18,0.0,EGM7F5T043
growatt,2025-09-23,2025-09-23T06:48:09,0.23,0.05,-0.18,0.0,EGM7F5T043
growatt,2025-09-23,2025-09-23T06:49:09,0.23,0.05,-0.18,0.0,EGM7F5T043
growatt,2025-09-23,2025-09-23T06:50:09,0.23,0.05,-0.18,0.0,EGM7F5T043
growatt,2025-09-23,2025-09-23T06:51:09,0.24,0.06,-0.18,0.0,EGM7F5T043
growatt,2025-09-23,2025-09-23T06:52:09,0.24,0.06,-0.18,0.0,EGM7F5T043
growatt,2025-09-23,2025-09-23T06:53:09,0.24,0.06,-0.18,0.0,EGM7F5T043
growatt,2025-09-23,2025-09-23T06:54:09,0.24,0.05,-0.18,0.0,EGM7F5T043
growatt,2025-09-23,2025-09-23T06:55:09,0.25,0.06,-0.18280000000000002,0.0,EGM7F5T043
growatt,2025-09-23,2025-09-23T06:56:09,0.25,0.07,-0.18,0.0,EGM7F5T043
growatt,2025-09-23,2025-09-23T06:57:09,0.26,0.08,-0.18,0.0,EGM7F5T043
growatt,2025-09-23,2025-09-23T06:58:09,0.26,0.07,-0.18,0.0,EGM7F5T043
growatt,2025-09-23,2025-09-23T06:59:09,0.22,0.07,-0.15,0.0,EGM7F5T043
growatt,2025-09-23,2025-09-23T07:00:09,0.22,0.07,-0.15,0.0,EGM7F5T043
growatt,2025-09-23,2025-09-23T07:01:09,0.23,0.08,-0.15,0.0,EGM7F5T043
growatt,2025-09-23,2025-09-23T07:02:09,0.23,0.08,-0.15,0.0,EGM7F5T043
growatt,2025-09-23,2025-09-23T07:03:09,0.23,0.08,-0.15,0.0,EGM7F5T043
growatt,2025-09-23,2025-09-23T07:04:09,0.24,0.09,-0.15,0.0,EGM7F5T043
growatt,2025-09-23,2025-09-23T07:05:09,0.22,0.07,-0.15,0.0,EGM7F5T043
growatt,2025-09-23,2025-09-23T07:06:09,0.24,0.09,-0.15,0.0,EGM7F5T043
growatt,2025-09-23,2025-09-23T07:07:09,0.24,0.1,-0.15,0.0,EGM7F5T043
growatt,2025-09-23,2025-09-23T07:08:09,0.21,0.09,-0.12,0.0,EGM7F5T043
growatt,2025-09-23,2025-09-23T07:09:09,0.22,0.1,-0.12,0.0,EGM7F5T043
growatt,2025-09-23,2025-09-23T07:10:09,0.22,0.1,-0.1272,0.0,EGM7F5T043
growatt,2025-09-23,2025-09-23T07:11:09,0.22,0.1,-0.12,0.0,EGM7F5T043
growatt,2025-09-23,2025-09-23T07:12:09,0.28,0.09,-0.19,0.0,EGM7F5T043
growatt,2025-09-23,2025-09-23T07:13:09,0.28,0.09,-0.19,0.0,EGM7F5T043
growatt,2025-09-23,2025-09-23T07:14:09,0.27,0.11,-0.16,0.0,EGM7F5T043
growatt,2025-09-23,2025-09-23T07:15:09,0.28,0.11,-0.1682,0.0,EGM7F5T043
growatt,2025-09-23,2025-09-23T07:16:09,0.28,0.12,-0.16,0.0,EGM7F5T043
growatt,2025-09-23,2025-09-23T07:17:09,0.28,0.12,-0.16,0.0,EGM7F5T043
growatt,2025-09-23,2025-09-23T07:18:09,0.29,0.13,-0.16,0.0,EGM7F5T043
growatt,2025-09-23,2025-09-23T07:19:09,0.29,0.13,-0.16,0.0,EGM7F5T043
growatt,2025-09-23,2025-09-23T07:20:09,0.29,0.13,-0.16,0.0,EGM7F5T043
growatt,2025-09-23,2025-09-23T07:21:09,0.29,0.13,-0.16,0.0,EGM7F5T043
growatt,2025-09-23,2025-09-23T07:22:09,0.3,0.14,-0.16,0.0,EGM7F5T043
growatt,2025-09-23,2025-09-23T07:23:09,0.28,0.15,-0.14,0.0,EGM7F5T043
growatt,2025-09-23,2025-09-23T07:24:09,0.29,0.15,-0.14,0.0,EGM7F5T043
growatt,2025-09-23,2025-09-23T07:25:09,0.29,0.15,-0.14,0.0,EGM7F5T043
growatt,2025-09-23,2025-09-23T07:26:09,0.29,0.15,-0.14,0.0,EGM7F5T043
growatt,2025-09-23,2025-09-23T07:27:09,0.29,0.15,-0.14,0.0,EGM7F5T043
growatt,2025-09-23,2025-09-23T07:28:09,0.3,0.16,-0.14,0.0,EGM7F5T043
growatt,2025-09-23,2025-09-23T07:29:09,0.31,0.17,-0.14,0.0,EGM7F5T043
growatt,2025-09-23,2025-09-23T07:30:09,0.31,0.17,-0.14,0.0,EGM7F5T043
growatt,2025-09-23,2025-09-23T07:31:09,1.38,0.17,-1.22,0.0,EGM7F5T043
growatt,2025-09-23,2025-09-23T07:32:09,1.39,0.16,-1.2203,0.0,EGM7F5T043
growatt,2025-09-23,2025-09-23T07:33:09,0.35,0.17,-0.18,0.0,EGM7F5T043
growatt,2025-09-23,2025-09-23T07:34:09,0.32,0.17,-0.15,0.0,EGM7F5T043
growatt,2025-09-23,2025-09-23T07:35:09,0.32,0.17,-0.15,0.0,EGM7F5T043
growatt,2025-09-23,2025-09-23T07:36:09,0.31,0.18,-0.13,0.0,EGM7F5T043
growatt,2025-09-23,2025-09-23T07:37:09,0.31,0.18,-0.13,0.0,EGM7F5T043
growatt,2025-09-23,2025-09-23T07:38:09,0.31,0.18,-0.13,0.0,EGM7F5T043
growatt,2025-09-23,2025-09-23T07:39:09,3.47,0.19,-3.28,0.0,EGM7F5T043
growatt,2025-09-23,2025-09-23T07:40:09,3.46,0.19,-3.28,0.0,EGM7F5T043
growatt,2025-09-23,2025-09-23T07:41:09,3.47,0.19,-3.28,0.0,EGM7F5T043
growatt,2025-09-23,2025-09-23T07:42:09,0.31,0.18,-0.13,0.0,EGM7F5T043
growatt,2025-09-23,2025-09-23T07:43:09,0.32,0.18,-0.13,0.0,EGM7F5T043
growatt,2025-09-23,2025-09-23T07:44:09,0.31,0.18,-0.13,0.0,EGM7F5T043
growatt,2025-09-23,2025-09-23T07:45:09,0.32,0.19,-0.13,0.0,EGM7F5T043
growatt,2025-09-23,2025-09-23T07:46:09,0.31,0.18,-0.135,0.0,EGM7F5T043
growatt,2025-09-23,2025-09-23T07:47:09,0.31,0.18,-0.13,0.0,EGM7F5T043
growatt,2025-09-23,2025-09-23T07:48:09,0.31,0.18,-0.13,0.0,EGM7F5T043
growatt,2025-09-23,2025-09-23T07:49:09,0.32,0.19,-0.13,0.0,EGM7F5T043
growatt,2025-09-23,2025-09-23T07:50:09,0.32,0.18,-0.13,0.0,EGM7F5T043
growatt,2025-09-23,2025-09-23T07:51:09,0.32,0.19,-0.13,0.0,EGM7F5T043
growatt,2025-09-23,2025-09-23T07:52:09,0.32,0.19,-0.13,0.0,EGM7F5T043
growatt,2025-09-23,2025-09-23T07:53:09,0.32,0.19,-0.13,0.0,EGM7F5T043
growatt,2025-09-23,2025-09-23T07:54:09,0.33,0.19,-0.13,0.0,EGM7F5T043
growatt,2025-09-23,2025-09-23T07:55:09,0.32,0.2,-0.13,0.0,EGM7F5T043
growatt,2025-09-23,2025-09-23T07:56:09,0.32,0.19,-0.13,0.0,EGM7F5T043
growatt,2025-09-23,2025-09-23T07:57:09,0.32,0.19,-0.13,0.0,EGM7F5T043
growatt,2025-09-23,2025-09-23T07:58:09,0.32,0.19,-0.13,0.0,EGM7F5T043
growatt,2025-09-23,2025-09-23T07:59:09,0.32,0.19,-0.13,0.0,EGM7F5T043
growatt,2025-09-23,2025-09-23T08:00:09,0.32,0.19,-0.13,0.0,EGM7F5T043
growatt,2025-09-23,2025-09-23T08:01:09,0.32,0.19,-0.13,0.0,EGM7F5T043
growatt,2025-09-23,2025-09-23T08:02:09,0.32,0.19,-0.13,0.0,EGM7F5T043
growatt,2025-09-23,2025-09-23T08:03:09,0.26,0.19,-0.06,0.0,EGM7F5T043
growatt,2025-09-23,2025-09-23T08:04:09,0.25,0.19,-0.06,0.0,EGM7F5T043
growatt,2025-09-23,2025-09-23T08:05:09,0.25,0.2,-0.06,0.0,EGM7F5T043
growatt,2025-09-23,2025-09-23T08:06:09,0.26,0.2,-0.06,0.0,EGM7F5T043
growatt,2025-09-23,2025-09-23T08:07:09,0.26,0.2,-0.06,0.0,EGM7F5T043
growatt,2025-09-23,2025-09-23T08:08:09,0.26,0.2,-0.06,0.0,EGM7F5T043
growatt,2025-09-23,2025-09-23T08:09:09,0.2,0.2,0.0,0.0,EGM7F5T043
growatt,2025-09-23,2025-09-23T08:10:09,0.2,0.2,0.0,0.0,EGM7F5T043
growatt,2025-09-23,2025-09-23T08:11:09,0.2,0.2,0.0,0.0,EGM7F5T043
growatt,2025-09-23,2025-09-23T08:12:09,0.21,0.21,0.0,0.0,EGM7F5T043
growatt,2025-09-23,2025-09-23T08:13:09,0.21,0.21,0.0,0.0,EGM7F5T043
growatt,2025-09-23,2025-09-23T08:14:09,0.22,0.22,0.0,0.0,EGM7F5T043
growatt,2025-09-23,2025-09-23T08:15:09,0.22,0.22,0.0,0.0,EGM7F5T043
growatt,2025-09-23,2025-09-23T08:16:09,0.23,0.23,0.0,0.0,EGM7F5T043
growatt,2025-09-23,2025-09-23T08:17:09,0.18,0.23,0.05,0.0,EGM7F5T043
growatt,2025-09-23,2025-09-23T08:18:09,0.19,0.24,0.05,0.0,EGM7F5T043
growatt,2025-09-23,2025-09-23T08:19:09,0.2,0.25,0.05,0.0,EGM7F5T043
growatt,2025-09-23,2025-09-23T08:20:09,0.19,0.26,0.0768,0.0,EGM7F5T043
growatt,2025-09-23,2025-09-23T08:21:09,0.19,0.26,0.07,0.0,EGM7F5T043
growatt,2025-09-23,2025-09-23T08:22:09,0.2,0.27,0.0768,0.0,EGM7F5T043
growatt,2025-09-23,2025-09-23T08:23:09,0.17,0.27,0.1,0.0,EGM7F5T043
growatt,2025-09-23,2025-09-23T08:24:09,0.17,0.27,0.1,0.0,EGM7F5T043
growatt,2025-09-23,2025-09-23T08:25:09,0.17,0.27,0.1,0.0,EGM7F5T043
growatt,2025-09-23,2025-09-23T08:26:09,0.17,0.27,0.1,0.0,EGM7F5T043
growatt,2025-09-23,2025-09-23T08:27:09,0.18,0.28,0.1,0.0,EGM7F5T043
growatt,2025-09-23,2025-09-23T08:28:09,0.18,0.28,0.1022,0.0,EGM7F5T043
growatt,2025-09-23,2025-09-23T08:29:09,0.17,0.29,0.12,0.0,EGM7F5T043
growatt,2025-09-23,2025-09-23T08:30:09,0.18,0.3,0.12,0.0,EGM7F5T043
growatt,2025-09-23,2025-09-23T08:31:09,0.17,0.32,0.15,0.0,EGM7F5T043
growatt,2025-09-23,2025-09-23T08:32:09,0.17,0.34,0.17,0.0,EGM7F5T043
growatt,2025-09-23,2025-09-23T08:33:09,0.16,0.36,0.2,0.0,EGM7F5T043
growatt,2025-09-23,2025-09-23T08:34:09,0.16,0.38,0.2282,0.0,EGM7F5T043
growatt,2025-09-23,2025-09-23T08:35:09,0.16,0.41,0.25,0.0,EGM7F5T043
growatt,2025-09-23,2025-09-23T08:36:09,0.16,0.43,0.2797,0.0,EGM7F5T043
growatt,2025-09-23,2025-09-23T08:37:09,0.15,0.45,0.3,0.0,EGM7F5T043
growatt,2025-09-23,2025-09-23T08:38:09,0.15,0.48,0.3302,0.0,EGM7F5T043
growatt,2025-09-23,2025-09-23T08:39:09,0.16,0.51,0.35,0.0,EGM7F5T043
growatt,2025-09-23,2025-09-23T08:40:09,0.15,0.53,0.38,0.0,EGM7F5T043
growatt,2025-09-23,2025-09-23T08:41:09,0.18,0.56,0.38,0.0,EGM7F5T043
growatt,2025-09-23,2025-09-23T08:42:09,0.18,0.58,0.4073,0.0,EGM7F5T043
growatt,2025-09-23,2025-09-23T08:43:09,0.17,0.6,0.43,0.0,EGM7F5T043
growatt,2025-09-23,2025-09-23T08:44:09,0.17,0.62,0.45,0.0,EGM7F5T043
growatt,2025-09-23,2025-09-23T08:45:09,0.18,0.64,0.45,0.0,EGM7F5T043
growatt,2025-09-23,2025-09-23T08:46:09,0.17,0.65,0.48,0.0,EGM7F5T043
growatt,2025-09-23,2025-09-23T08:47:09,0.18,0.66,0.48,0.0,EGM7F5T043
growatt,2025-09-23,2025-09-23T08:48:09,0.18,0.68,0.5,0.0,EGM7F5T043
growatt,2025-09-23,2025-09-23T08:49:09,0.2,0.7,0.5087,0.0,EGM7F5T043
growatt,2025-09-23,2025-09-23T08:50:09,0.23,0.7,0.47,0.0,EGM7F5T043
growatt,2025-09-23,2025-09-23T08:51:09,0.25,0.71,0.47,0.0,EGM7F5T043
growatt,2025-09-23,2025-09-23T08:52:09,0.22,0.71,0.4952,0.0,EGM7F5T043
growatt,2025-09-23,2025-09-23T08:53:09,0.24,0.73,0.4953,0.0,EGM7F5T043
growatt,2025-09-23,2025-09-23T08:54:09,0.23,0.75,0.52,0.0,EGM7F5T043
growatt,2025-09-23,2025-09-23T08:55:09,0.24,0.76,0.52,0.0,EGM7F5T043
growatt,2025-09-23,2025-09-23T08:56:09,0.24,0.78,0.54,0.0,EGM7F5T043
growatt,2025-09-23,2025-09-23T08:57:09,0.19,0.78,0.59,0.0,EGM7F5T043
growatt,2025-09-23,2025-09-23T08:58:09,0.23,0.82,0.59,0.0,EGM7F5T043
growatt,2025-09-23,2025-09-23T08:59:09,0.26,0.85,0.59,0.0,EGM7F5T043
growatt,2025-09-23,2025-09-23T09:00:09,0.19,0.83,0.64,0.0,EGM7F5T043
growatt,2025-09-23,2025-09-23T09:01:09,0.26,0.9,0.6489,0.0,EGM7F5T043
growatt,2025-09-23,2025-09-23T09:02:09,0.19,0.82,0.64,0.0,EGM7F5T043
growatt,2025-09-23,2025-09-23T09:03:09,0.21,0.78,0.62,0.05,EGM7F5T043
growatt,2025-09-23,2025-09-23T09:04:09,0.22,0.97,0.7,-0.06,EGM7F5T043
growatt,2025-09-23,2025-09-23T09:05:09,0.18,1.03,0.85,0.0,EGM7F5T043
growatt,2025-09-23,2025-09-23T09:06:09,0.17,0.81,0.64,0.0,EGM7F5T043
growatt,2025-09-23,2025-09-23T09:07:09,0.17,0.84,0.67,0.0,EGM7F5T043
growatt,2025-09-23,2025-09-23T09:08:09,0.18,0.8,0.62,0.0,EGM7F5T043
growatt,2025-09-23,2025-09-23T09:09:09,0.2,0.75,0.55,0.0,EGM7F5T043
growatt,2025-09-23,2025-09-23T09:10:09,0.22,1.19,0.96,0.0,EGM7F5T043
growatt,2025-09-23,2025-09-23T09:11:09,0.31,1.24,0.9385,0.0,EGM7F5T043
growatt,2025-09-23,2025-09-23T09:12:09,0.23,1.28,1.05,0.0,EGM7F5T043
growatt,2025-09-23,2025-09-23T09:13:09,0.23,0.95,0.72,0.0,EGM7F5T043
growatt,2025-09-23,2025-09-23T09:14:09,0.32,1.18,0.86,0.0,EGM7F5T043
growatt,2025-09-23,2025-09-23T09:15:09,0.26,1.1,0.88,0.05,EGM7F5T043
growatt,2025-09-23,2025-09-23T09:16:09,0.33,1.57,1.24,0.0,EGM7F5T043
growatt,2025-09-23,2025-09-23T09:17:09,0.3,1.57,1.27,0.0,EGM7F5T043
growatt,2025-09-23,2025-09-23T09:18:09,0.29,1.56,1.27,0.0,EGM7F5T043
growatt,2025-09-23,2025-09-23T09:19:09,0.32,1.59,1.2723,0.0,EGM7F5T043
growatt,2025-09-23,2025-09-23T09:20:09,0.34,1.61,1.27,0.0,EGM7F5T043
growatt,2025-09-23,2025-09-23T09:21:09,0.32,1.61,1.29,0.0,EGM7F5T043
growatt,2025-09-23,2025-09-23T09:22:09,0.33,1.62,1.29,0.0,EGM7F5T043
growatt,2025-09-23,2025-09-23T09:23:09,0.34,1.64,1.2974,0.0,EGM7F5T043
growatt,2025-09-23,2025-09-23T09:24:09,0.32,1.64,1.32,0.0,EGM7F5T043
growatt,2025-09-23,2025-09-23T09:25:09,0.28,1.62,1.3485999999999998,0.0,EGM7F5T043
growatt,2025-09-23,2025-09-23T09:26:09,0.32,1.68,1.37,0.0,EGM7F5T043
growatt,2025-09-23,2025-09-23T09:27:09,0.32,1.72,1.4,0.0,EGM7F5T043
growatt,2025-09-23,2025-09-23T09:28:09,0.32,1.74,1.42,0.0,EGM7F5T043
growatt,2025-09-23,2025-09-23T09:29:09,0.32,1.77,1.45,0.0,EGM7F5T043
growatt,2025-09-23,2025-09-23T09:30:09,0.34,1.79,1.45,0.0,EGM7F5T043
growatt,2025-09-23,2025-09-23T09:31:09,0.36,1.81,1.4515,0.0,EGM7F5T043
growatt,2025-09-23,2025-09-23T09:32:09,0.38,1.85,1.47,0.0,EGM7F5T043
growatt,2025-09-23,2025-09-23T09:33:09,0.39,1.86,1.47,0.0,EGM7F5T043
growatt,2025-09-23,2025-09-23T09:34:09,0.39,1.89,1.5,0.0,EGM7F5T043
growatt,2025-09-23,2025-09-23T09:35:09,0.39,1.91,1.52,0.0,EGM7F5T043
growatt,2025-09-23,2025-09-23T09:36:09,0.36,1.92,1.55,0.0,EGM7F5T043
growatt,2025-09-23,2025-09-23T09:37:09,0.38,1.95,1.5796,0.0,EGM7F5T043
growatt,2025-09-23,2025-09-23T09:38:09,0.41,2.01,1.6,0.0,EGM7F5T043
growatt,2025-09-23,2025-09-23T09:39:09,0.39,2.04,1.65,0.0,EGM7F5T043
growatt,2025-09-23,2025-09-23T09:40:09,0.38,2.06,1.68,0.0,EGM7F5T043
growatt,2025-09-23,2025-09-23T09:41:09,0.36,2.09,1.73,0.0,EGM7F5T043
growatt,2025-09-23,2025-09-23T09:42:09,0.39,2.16,1.7602,0.0,EGM7F5T043
growatt,2025-09-23,2025-09-23T09:43:09,0.36,1.94,1.6277000000000001,0.05,EGM7F5T043
growatt,2025-09-23,2025-09-23T09:44:09,0.37,2.23,1.6,-0.25,EGM7F5T043
growatt,2025-09-23,2025-09-23T09:45:09,0.31,1.43,1.11,0.0,EGM7F5T043
growatt,2025-09-23,2025-09-23T09:46:09,0.3,1.64,1.17,0.0,EGM7F5T043
growatt,2025-09-23,2025-09-23T09:47:09,0.35,1.5,1.1,-0.06,EGM7F5T043
growatt,2025-09-23,2025-09-23T09:48:09,0.39,1.6,1.22,0.0,EGM7F5T043
growatt,2025-09-23,2025-09-23T09:49:09,0.46,2.39,1.93,0.0,EGM7F5T043
growatt,2025-09-23,2025-09-23T09:50:09,0.41,2.34,1.93,0.0,EGM7F5T043
growatt,2025-09-23,2025-09-23T09:51:09,0.45,2.37,1.92,0.0,EGM7F5T043
growatt,2025-09-23,2025-09-23T09:52:09,0.38,2.2,1.83,0.0,EGM7F5T043
growatt,2025-09-23,2025-09-23T09:53:09,0.4,2.03,1.63,0.0,EGM7F5T043
growatt,2025-09-23,2025-09-23T09:54:09,0.37,1.91,1.5,-0.05,EGM7F5T043
growatt,2025-09-23,2025-09-23T09:55:09,0.32,1.86,1.54,0.0,EGM7F5T043
growatt,2025-09-23,2025-09-23T09:56:09,0.3,1.76,1.45,0.0,EGM7F5T043
growatt,2025-09-23,2025-09-23T09:57:09,0.33,1.51,1.2364000000000002,0.05,EGM7F5T043
growatt,2025-09-23,2025-09-23T09:58:09,0.32,1.22,0.95,0.05,EGM7F5T043
growatt,2025-09-23,2025-09-23T09:59:09,0.3,1.22,0.92,0.0,EGM7F5T043
growatt,2025-09-23,2025-09-23T10:00:09,0.28,1.18,0.9,0.0,EGM7F5T043
growatt,2025-09-23,2025-09-23T10:01:09,0.37,1.35,0.98,0.0,EGM7F5T043
growatt,2025-09-23,2025-09-23T10:02:09,0.28,1.31,1.03,0.0,EGM7F5T043
growatt,2025-09-23,2025-09-23T10:03:09,0.4,1.22,0.82,0.0,EGM7F5T043
growatt,2025-09-23,2025-09-23T10:04:09,0.39,1.21,0.82,0.0,EGM7F5T043
growatt,2025-09-23,2025-09-23T10:05:09,0.65,1.26,0.61,0.0,EGM7F5T043
growatt,2025-09-23,2025-09-23T10:06:09,0.66,1.43,0.79,0.0,EGM7F5T043
growatt,2025-09-23,2025-09-23T10:07:09,0.37,1.48,1.11,0.0,EGM7F5T043
growatt,2025-09-23,2025-09-23T10:08:09,0.47,2.08,1.61,0.0,EGM7F5T043
growatt,2025-09-23,2025-09-23T10:09:09,0.36,1.41,1.0592000000000001,0.0,EGM7F5T043
growatt,2025-09-23,2025-09-23T10:10:09,0.35,1.5,1.15,0.0,EGM7F5T043
growatt,2025-09-23,2025-09-23T10:11:09,0.39,2.02,1.63,0.0,EGM7F5T043
growatt,2025-09-23,2025-09-23T10:12:09,0.37,1.39,1.03,0.0,EGM7F5T043
growatt,2025-09-23,2025-09-23T10:13:09,0.35,1.28,0.93,0.0,EGM7F5T043
growatt,2025-09-23,2025-09-23T10:14:09,0.34,1.21,0.8791,0.0,EGM7F5T043
growatt,2025-09-23,2025-09-23T10:15:09,0.38,1.21,0.85,0.0,EGM7F5T043
growatt,2025-09-23,2025-09-23T10:16:09,0.34,1.19,0.8531,0.0,EGM7F5T043
growatt,2025-09-23,2025-09-23T10:17:09,0.38,1.23,0.8531,0.0,EGM7F5T043
growatt,2025-09-23,2025-09-23T10:18:09,0.38,1.44,1.06,0.0,EGM7F5T043
growatt,2025-09-23,2025-09-23T10:19:09,0.35,1.49,1.14,0.0,EGM7F5T043
growatt,2025-09-23,2025-09-23T10:20:09,0.34,1.29,0.95,0.0,EGM7F5T043
growatt,2025-09-23,2025-09-23T10:21:09,0.4,1.52,1.18,0.06,EGM7F5T043
growatt,2025-09-23,2025-09-23T10:22:09,0.34,1.41,1.0727,0.0,EGM7F5T043
growatt,2025-09-23,2025-09-23T10:23:09,0.4,1.52,1.37,-0.05,EGM7F5T043
growatt,2025-09-23,2025-09-23T10:24:09,0.42,2.07,1.7,0.05,EGM7F5T043
growatt,2025-09-23,2025-09-23T10:25:09,0.41,1.82,1.41,0.0,EGM7F5T043
growatt,2025-09-23,2025-09-23T10:26:09,0.41,1.87,1.46,0.0,EGM7F5T043
growatt,2025-09-23,2025-09-23T10:27:09,1.52,1.47,-0.05,0.0,EGM7F5T043
growatt,2025-09-23,2025-09-23T10:28:09,1.5,1.32,-0.18,0.0,EGM7F5T043
growatt,2025-09-23,2025-09-23T10:29:09,1.51,1.28,-0.23,0.0,EGM7F5T043
growatt,2025-09-23,2025-09-23T10:30:09,1.4,1.4,0.0,0.0,EGM7F5T043
growatt,2025-09-23,2025-09-23T10:31:09,1.47,1.9,0.49110000000000004,0.07,EGM7F5T043
growatt,2025-09-23,2025-09-23T10:32:09,4.5,2.29,-1.64,0.58,EGM7F5T043
growatt,2025-09-23,2025-09-23T10:33:09,4.5,2.8,-1.13,0.58,EGM7F5T043
growatt,2025-09-23,2025-09-23T10:34:09,4.52,2.05,-1.91,0.57,EGM7F5T043
growatt,2025-09-23,2025-09-23T10:35:09,1.48,1.92,-1.01,-1.45,EGM7F5T043
growatt,2025-09-23,2025-09-23T10:36:09,1.47,2.41,0.95,0.0,EGM7F5T043
growatt,2025-09-23,2025-09-23T10:37:09,1.45,1.64,0.25,0.06,EGM7F5T043
growatt,2025-09-23,2025-09-23T10:38:09,4.53,1.96,-2.0,0.57,EGM7F5T043
growatt,2025-09-23,2025-09-23T10:39:09,4.54,1.68,-2.24,0.57,EGM7F5T043
growatt,2025-09-23,2025-09-23T10:40:09,4.54,1.81,-2.16,0.57,EGM7F5T043
growatt,2025-09-23,2025-09-23T10:41:09,1.45,1.64,0.19,0.0,EGM7F5T043
growatt,2025-09-23,2025-09-23T10:42:09,1.41,1.41,0.0,0.0,EGM7F5T043
growatt,2025-09-23,2025-09-23T10:43:09,1.3,1.3,0.0,0.0,EGM7F5T043
growatt,2025-09-23,2025-09-23T10:44:09,1.37,1.43,0.17,0.05,EGM7F5T043
growatt,2025-09-23,2025-09-23T10:45:09,1.28,1.28,0.0,0.0,EGM7F5T043
growatt,2025-09-23,2025-09-23T10:46:09,0.37,2.33,1.92,-0.06,EGM7F5T043
growatt,2025-09-23,2025-09-23T10:47:09,0.39,2.52,2.13,0.0,EGM7F5T043
growatt,2025-09-23,2025-09-23T10:48:09,0.32,1.61,1.07,0.0,EGM7F5T043
growatt,2025-09-23,2025-09-23T10:49:09,0.26,1.4,1.07,-0.07,EGM7F5T043
growatt,2025-09-23,2025-09-23T10:50:09,0.27,1.17,0.91,0.0,EGM7F5T043
growatt,2025-09-23,2025-09-23T10:51:09,0.27,0.9,0.63,0.0,EGM7F5T043
growatt,2025-09-23,2025-09-23T10:52:09,0.26,1.04,0.79,0.0,EGM7F5T043
growatt,2025-09-23,2025-09-23T10:53:09,0.31,1.1,0.79,0.0,EGM7F5T043
growatt,2025-09-23,2025-09-23T10:54:09,0.29,1.65,1.41,0.05,EGM7F5T043
growatt,2025-09-23,2025-09-23T10:55:09,2.3,2.62,0.32,0.0,EGM7F5T043
growatt,2025-09-23,2025-09-23T10:56:09,2.2,2.46,0.22,0.0,EGM7F5T043
growatt,2025-09-23,2025-09-23T10:57:09,2.39,2.62,0.23,0.0,EGM7F5T043
growatt,2025-09-23,2025-09-23T10:58:09,5.32,2.2,-1.71,1.4,EGM7F5T043
growatt,2025-09-23,2025-09-23T10:59:09,5.21,1.44,-2.55,1.22,EGM7F5T043
growatt,2025-09-23,2025-09-23T11:00:09,5.39,1.34,-2.67,1.38,EGM7F5T043
growatt,2025-09-23,2025-09-23T11:01:09,2.38,1.75,-0.63,0.0,EGM7F5T043
growatt,2025-09-23,2025-09-23T11:02:09,0.45,1.76,1.3180999999999998,0.0,EGM7F5T043
growatt,2025-09-23,2025-09-23T11:03:09,0.46,2.11,1.7313,0.1,EGM7F5T043
growatt,2025-09-23,2025-09-23T11:04:09,0.53,2.36,1.83,0.0,EGM7F5T043
growatt,2025-09-23,2025-09-23T11:05:09,0.4,1.72,1.37,0.07,EGM7F5T043
growatt,2025-09-23,2025-09-23T11:06:09,0.42,1.24,0.88,0.06,EGM7F5T043
growatt,2025-09-23,2025-09-23T11:07:09,0.27,1.05,0.7218,-0.06,EGM7F5T043
growatt,2025-09-23,2025-09-23T11:08:09,0.33,1.26,0.92,0.0,EGM7F5T043
growatt,2025-09-23,2025-09-23T11:09:09,0.38,2.05,1.6743,0.0,EGM7F5T043
growatt,2025-09-23,2025-09-23T11:10:09,0.83,1.51,1.0,0.33,EGM7F5T043
growatt,2025-09-23,2025-09-23T11:11:09,0.44,2.47,2.02,0.0,EGM7F5T043
growatt,2025-09-23,2025-09-23T11:12:09,0.61,2.53,1.85,0.0,EGM7F5T043
growatt,2025-09-23,2025-09-23T11:13:09,0.46,2.42,1.9641,0.0,EGM7F5T043
growatt,2025-09-23,2025-09-23T11:14:09,0.57,2.47,1.9,0.0,EGM7F5T043
growatt,2025-09-23,2025-09-23T11:15:09,0.71,2.49,1.9,0.12,EGM7F5T043
growatt,2025-09-23,2025-09-23T11:16:09,0.7,2.51,2.07,0.27,EGM7F5T043
growatt,2025-09-23,2025-09-23T11:17:09,0.45,2.5,2.05,0.0,EGM7F5T043
growatt,2025-09-23,2025-09-23T11:18:09,0.43,2.51,2.08,0.0,EGM7F5T043
growatt,2025-09-23,2025-09-23T11:19:09,0.51,2.53,2.02,0.0,EGM7F5T043
growatt,2025-09-23,2025-09-23T11:20:09,0.47,2.53,2.06,0.0,EGM7F5T043
growatt,2025-09-23,2025-09-23T11:21:09,0.5,2.54,2.04,0.0,EGM7F5T043
growatt,2025-09-23,2025-09-23T11:22:09,0.54,2.47,1.93,0.0,EGM7F5T043
growatt,2025-09-23,2025-09-23T11:23:09,0.4,2.61,2.2011999999999996,0.0,EGM7F5T043
growatt,2025-09-23,2025-09-23T11:24:09,0.38,2.63,2.25,0.0,EGM7F5T043
growatt,2025-09-23,2025-09-23T11:25:09,0.37,2.7,2.334,0.0,EGM7F5T043
growatt,2025-09-23,2025-09-23T11:26:09,0.38,2.76,2.41,0.0,EGM7F5T043
growatt,2025-09-23,2025-09-23T11:27:09,0.37,2.83,2.46,0.0,EGM7F5T043
growatt,2025-09-23,2025-09-23T11:28:09,0.37,2.83,2.46,0.0,EGM7F5T043
growatt,2025-09-23,2025-09-23T11:29:09,0.37,2.83,2.46,0.0,EGM7F5T043
growatt,2025-09-23,2025-09-23T11:30:09,0.39,2.85,2.46,0.0,EGM7F5T043
growatt,2025-09-23,2025-09-23T11:31:09,0.29,2.58,2.28,0.0,EGM7F5T043
growatt,2025-09-23,2025-09-23T11:32:09,0.39,2.89,2.5,0.0,EGM7F5T043
growatt,2025-09-23,2025-09-23T11:33:09,0.37,2.9,2.53,0.0,EGM7F5T043
growatt,2025-09-23,2025-09-23T11:34:09,0.36,2.81,2.45,0.0,EGM7F5T043
growatt,2025-09-23,2025-09-23T11:35:09,0.33,2.78,2.45,0.0,EGM7F5T043
growatt,2025-09-23,2025-09-23T11:36:09,0.35,2.78,2.42,0.0,EGM7F5T043
growatt,2025-09-23,2025-09-23T11:37:09,0.37,2.76,2.3975,0.0,EGM7F5T043
growatt,2025-09-23,2025-09-23T11:38:09,0.31,2.66,2.35,0.0,EGM7F5T043
growatt,2025-09-23,2025-09-23T11:39:09,0.34,2.82,2.49,0.0,EGM7F5T043
growatt,2025-09-23,2025-09-23T11:40:09,0.39,2.84,2.37,0.0,EGM7F5T043
growatt,2025-09-23,2025-09-23T11:41:09,0.36,2.83,2.47,0.0,EGM7F5T043
growatt,2025-09-23,2025-09-23T11:42:09,0.19,0.85,0.82,0.16,EGM7F5T043
growatt,2025-09-23,2025-09-23T11:43:09,0.37,2.65,2.28,0.0,EGM7F5T043
growatt,2025-09-23,2025-09-23T11:44:09,0.24,2.19,1.73,0.0,EGM7F5T043
growatt,2025-09-23,2025-09-23T11:45:09,0.29,1.92,1.63,0.0,EGM7F5T043
growatt,2025-09-23,2025-09-23T11:46:09,0.35,2.31,1.96,0.0,EGM7F5T043
growatt,2025-09-23,2025-09-23T11:47:09,0.31,2.13,1.82,0.0,EGM7F5T043
growatt,2025-09-23,2025-09-23T11:48:09,0.36,2.86,2.5,0.0,EGM7F5T043
growatt,2025-09-23,2025-09-23T11:49:09,0.34,2.68,2.39,0.05,EGM7F5T043
growatt,2025-09-23,2025-09-23T11:50:09,0.34,2.66,2.25,-0.05,EGM7F5T043
growatt,2025-09-23,2025-09-23T11:51:09,0.29,2.51,2.22,0.0,EGM7F5T043
growatt,2025-09-23,2025-09-23T11:52:09,0.38,2.82,2.44,0.0,EGM7F5T043
growatt,2025-09-23,2025-09-23T11:53:09,0.38,2.9,2.52,0.0,EGM7F5T043
growatt,2025-09-23,2025-09-23T11:54:09,0.37,2.92,2.5518,0.0,EGM7F5T043
growatt,2025-09-23,2025-09-23T11:55:09,0.35,2.86,2.51,0.0,EGM7F5T043
growatt,2025-09-23,2025-09-23T11:56:09,0.36,2.5,2.15,0.0,EGM7F5T043
growatt,2025-09-23,2025-09-23T11:57:09,0.27,2.3,2.0294,0.0,EGM7F5T043
growatt,2025-09-23,2025-09-23T11:58:09,0.28,2.23,1.94,0.0,EGM7F5T043
growatt,2025-09-23,2025-09-23T11:59:09,0.34,2.21,1.88,0.0,EGM7F5T043
growatt,2025-09-23,2025-09-23T12:00:09,0.38,2.22,1.8477999999999999,0.0,EGM7F5T043
growatt,2025-09-23,2025-09-23T12:01:09,0.39,2.08,1.81,0.0,EGM7F5T043
growatt,2025-09-23,2025-09-23T12:02:09,0.34,2.18,1.84,0.0,EGM7F5T043
growatt,2025-09-23,2025-09-23T12:03:09,0.34,2.2,1.86,0.0,EGM7F5T043
growatt,2025-09-23,2025-09-23T12:04:09,0.36,2.17,1.81,0.0,EGM7F5T043
growatt,2025-09-23,2025-09-23T12:05:09,0.34,2.15,1.8177,0.0,EGM7F5T043
growatt,2025-09-23,2025-09-23T12:06:09,0.34,2.0,1.7087,0.05,EGM7F5T043
growatt,2025-09-23,2025-09-23T12:07:09,0.34,2.24,1.83,0.05,EGM7F5T043
growatt,2025-09-23,2025-09-23T12:08:09,0.31,2.12,1.81,0.0,EGM7F5T043
growatt,2025-09-23,2025-09-23T12:09:09,0.41,2.52,2.11,0.0,EGM7F5T043
growatt,2025-09-23,2025-09-23T12:10:09,0.44,2.78,2.34,0.0,EGM7F5T043
growatt,2025-09-23,2025-09-23T12:11:09,0.36,2.62,2.26,0.0,EGM7F5T043
growatt,2025-09-23,2025-09-23T12:12:09,0.46,2.79,2.34,0.0,EGM7F5T043
growatt,2025-09-23,2025-09-23T12:13:09,0.42,2.92,2.5,0.0,EGM7F5T043
growatt,2025-09-23,2025-09-23T12:14:09,0.37,2.23,2.3266,0.24,EGM7F5T043
growatt,2025-09-23,2025-09-23T12:15:09,0.43,2.82,2.39,0.0,EGM7F5T043
growatt,2025-09-23,2025-09-23T12:16:09,0.42,2.81,2.39,0.0,EGM7F5T043
growatt,2025-09-23,2025-09-23T12:17:09,0.43,2.77,2.3434,0.0,EGM7F5T043
growatt,2025-09-23,2025-09-23T12:18:09,0.41,2.75,2.34,0.0,EGM7F5T043
growatt,2025-09-23,2025-09-23T12:19:09,0.32,2.0,1.81,0.15,EGM7F5T043
growatt,2025-09-23,2025-09-23T12:20:09,0.39,2.66,2.22,-0.05,EGM7F5T043
growatt,2025-09-23,2025-09-23T12:21:09,0.43,2.79,2.36,0.0,EGM7F5T043
growatt,2025-09-23,2025-09-23T12:22:09,0.44,2.81,2.36,0.0,EGM7F5T043
growatt,2025-09-23,2025-09-23T12:23:09,0.42,2.81,2.39,0.0,EGM7F5T043
growatt,2025-09-23,2025-09-23T12:24:09,0.43,2.84,2.41,0.0,EGM7F5T043
growatt,2025-09-23,2025-09-23T12:25:09,0.36,2.7,2.01,-0.06,EGM7F5T043
growatt,2025-09-23,2025-09-23T12:26:09,0.41,2.81,2.409,0.0,EGM7F5T043
growatt,2025-09-23,2025-09-23T12:27:09,0.4,2.8,2.4,0.0,EGM7F5T043
growatt,2025-09-23,2025-09-23T12:28:09,0.4,2.8,2.4,0.0,EGM7F5T043
growatt,2025-09-23,2025-09-23T12:29:09,0.43,2.83,2.4,0.0,EGM7F5T043
growatt,2025-09-23,2025-09-23T12:30:09,0.41,2.87,2.46,0.0,EGM7F5T043
growatt,2025-09-23,2025-09-23T12:31:09,0.4,2.83,2.43,0.0,EGM7F5T043
growatt,2025-09-23,2025-09-23T12:32:09,0.39,2.77,2.38,0.0,EGM7F5T043
growatt,2025-09-23,2025-09-23T12:33:09,0.53,2.8,2.27,0.0,EGM7F5T043
growatt,2025-09-23,2025-09-23T12:34:09,0.45,2.81,2.36,0.0,EGM7F5T043
growatt,2025-09-23,2025-09-23T12:35:09,2.3,2.81,0.5678,0.05,EGM7F5T043
growatt,2025-09-23,2025-09-23T12:36:09,2.23,2.79,0.4205,-0.15,EGM7F5T043
growatt,2025-09-23,2025-09-23T12:37:09,2.4,2.8,0.4,0.0,EGM7F5T043
growatt,2025-09-23,2025-09-23T12:38:09,2.24,2.8,0.56,0.0,EGM7F5T043
growatt,2025-09-23,2025-09-23T12:39:09,2.39,2.83,0.4576,0.0,EGM7F5T043
growatt,2025-09-23,2025-09-23T12:40:09,2.37,2.88,0.51,0.0,EGM7F5T043
growatt,2025-09-23,2025-09-23T12:41:09,2.41,2.93,0.52,0.0,EGM7F5T043
growatt,2025-09-23,2025-09-23T12:42:09,2.25,2.97,0.7237,0.0,EGM7F5T043
growatt,2025-09-23,2025-09-23T12:43:09,2.26,3.03,0.77,0.0,EGM7F5T043
growatt,2025-09-23,2025-09-23T12:44:09,2.27,3.07,0.8064,0.0,EGM7F5T043
growatt,2025-09-23,2025-09-23T12:45:09,2.4,3.08,0.68,0.0,EGM7F5T043
growatt,2025-09-23,2025-09-23T12:46:09,2.39,3.09,0.7099,0.0,EGM7F5T043
growatt,2025-09-23,2025-09-23T12:47:09,2.36,1.22,-1.05,0.11,EGM7F5T043
growatt,2025-09-23,2025-09-23T12:48:09,2.37,0.95,-1.42,0.0,EGM7F5T043
growatt,2025-09-23,2025-09-23T12:49:09,2.25,2.99,0.74,0.0,EGM7F5T043
growatt,2025-09-23,2025-09-23T12:50:09,0.55,2.84,2.29,0.0,EGM7F5T043
growatt,2025-09-23,2025-09-23T12:51:09,0.35,3.06,1.25,-1.45,EGM7F5T043
growatt,2025-09-23,2025-09-23T12:52:09,2.48,2.99,0.72,0.19,EGM7F5T043
growatt,2025-09-23,2025-09-23T12:53:09,0.54,2.69,2.1405,0.0,EGM7F5T043
growatt,2025-09-23,2025-09-23T12:54:09,2.26,3.13,2.7,1.83,EGM7F5T043
growatt,2025-09-23,2025-09-23T12:55:09,0.58,2.42,1.92,0.07,EGM7F5T043
growatt,2025-09-23,2025-09-23T12:56:09,0.35,2.17,1.83,0.0,EGM7F5T043
growatt,2025-09-23,2025-09-23T12:57:09,0.55,2.56,1.9384000000000001,-0.08,EGM7F5T043
growatt,2025-09-23,2025-09-23T12:58:09,0.44,3.04,2.5242,-0.15,EGM7F5T043
growatt,2025-09-23,2025-09-23T12:59:09,2.41,2.74,0.39,0.06,EGM7F5T043
growatt,2025-09-23,2025-09-23T13:00:09,0.57,3.03,2.17,-0.34,EGM7F5T043
growatt,2025-09-23,2025-09-23T13:01:09,0.23,1.13,0.9096000000000001,0.0,EGM7F5T043
growatt,2025-09-23,2025-09-23T13:02:09,0.45,1.2,0.82,0.0,EGM7F5T043
growatt,2025-09-23,2025-09-23T13:03:09,0.39,3.31,2.86,-0.07,EGM7F5T043
growatt,2025-09-23,2025-09-23T13:04:09,0.56,3.42,2.86,0.0,EGM7F5T043
growatt,2025-09-23,2025-09-23T13:05:09,0.54,3.33,2.79,0.0,EGM7F5T043
growatt,2025-09-23,2025-09-23T13:06:09,0.43,3.38,2.96,0.0,EGM7F5T043
growatt,2025-09-23,2025-09-23T13:07:09,0.58,3.4,2.82,0.0,EGM7F5T043
growatt,2025-09-23,2025-09-23T13:08:09,0.36,3.0,2.63,0.0,EGM7F5T043
growatt,2025-09-23,2025-09-23T13:09:09,0.45,1.87,1.56,0.16,EGM7F5T043
growatt,2025-09-23,2025-09-23T13:10:09,0.41,1.48,0.99,-0.09,EGM7F5T043
growatt,2025-09-23,2025-09-23T13:11:09,0.28,2.03,1.61,-0.18,EGM7F5T043
growatt,2025-09-23,2025-09-23T13:12:09,0.44,1.78,1.4,0.06,EGM7F5T043
growatt,2025-09-23,2025-09-23T13:13:09,0.3,1.66,1.36,0.0,EGM7F5T043
growatt,2025-09-23,2025-09-23T13:14:09,0.34,1.1,0.76,0.0,EGM7F5T043
growatt,2025-09-23,2025-09-23T13:15:09,0.37,3.0,2.2495,-0.42,EGM7F5T043
growatt,2025-09-23,2025-09-23T13:16:09,0.33,2.45,2.06,-0.08,EGM7F5T043
growatt,2025-09-23,2025-09-23T13:17:09,0.5,2.72,2.22,0.0,EGM7F5T043
growatt,2025-09-23,2025-09-23T13:18:09,0.4,3.17,2.77,0.0,EGM7F5T043
growatt,2025-09-23,2025-09-23T13:19:09,0.37,3.41,2.9263000000000003,-0.09,EGM7F5T043
growatt,2025-09-23,2025-09-23T13:20:09,0.4,3.53,2.96,-0.17,EGM7F5T043
growatt,2025-09-23,2025-09-23T13:21:09,0.59,3.63,3.1483000000000003,0.16,EGM7F5T043
growatt,2025-09-23,2025-09-23T13:22:09,0.42,3.72,3.29,0.0,EGM7F5T043
growatt,2025-09-23,2025-09-23T13:23:09,0.57,3.71,3.18,0.05,EGM7F5T043
growatt,2025-09-23,2025-09-23T13:24:09,0.23,2.06,1.83,0.0,EGM7F5T043
growatt,2025-09-23,2025-09-23T13:25:09,2.28,1.92,-0.36,0.0,EGM7F5T043
growatt,2025-09-23,2025-09-23T13:26:09,0.31,2.06,1.75,0.0,EGM7F5T043
growatt,2025-09-23,2025-09-23T13:27:09,0.43,1.7,1.25,0.0,EGM7F5T043
growatt,2025-09-23,2025-09-23T13:28:09,0.44,1.75,1.316,0.0,EGM7F5T043
growatt,2025-09-23,2025-09-23T13:29:09,0.3,2.05,1.75,0.0,EGM7F5T043
growatt,2025-09-23,2025-09-23T13:30:09,0.49,2.38,1.8938,0.0,EGM7F5T043
growatt,2025-09-23,2025-09-23T13:31:09,0.26,2.11,1.7792999999999999,-0.09,EGM7F5T043
growatt,2025-09-23,2025-09-23T13:32:09,0.55,2.55,2.0,0.0,EGM7F5T043
growatt,2025-09-23,2025-09-23T13:33:09,0.33,2.49,1.95,-0.21,EGM7F5T043
growatt,2025-09-23,2025-09-23T13:34:09,0.37,2.97,2.35,-0.24,EGM7F5T043
growatt,2025-09-23,2025-09-23T13:35:09,0.49,2.32,1.8391,0.0,EGM7F5T043
growatt,2025-09-23,2025-09-23T13:36:09,0.27,2.34,0.64,-1.42,EGM7F5T043
growatt,2025-09-23,2025-09-23T13:37:09,0.45,2.7,1.0096,-1.25,EGM7F5T043
growatt,2025-09-23,2025-09-23T13:38:09,0.3,2.77,1.0,-1.46,EGM7F5T043
growatt,2025-09-23,2025-09-23T13:39:09,0.46,2.82,1.0097,-1.36,EGM7F5T043
growatt,2025-09-23,2025-09-23T13:40:09,0.51,3.41,1.01,-1.89,EGM7F5T043
growatt,2025-09-23,2025-09-23T13:41:09,0.28,2.26,1.01,-0.97,EGM7F5T043
growatt,2025-09-23,2025-09-23T13:42:09,0.49,2.4,1.07,-0.86,EGM7F5T043
growatt,2025-09-23,2025-09-23T13:43:09,0.27,2.39,1.07,-0.71,EGM7F5T043
growatt,2025-09-23,2025-09-23T13:44:09,1.01,1.71,1.09,0.39,EGM7F5T043
growatt,2025-09-23,2025-09-23T13:45:09,0.41,1.6,1.07,-0.12,EGM7F5T043
growatt,2025-09-23,2025-09-23T13:46:09,0.31,1.28,1.03,0.06,EGM7F5T043
growatt,2025-09-23,2025-09-23T13:47:09,0.41,1.22,0.81,0.0,EGM7F5T043
growatt,2025-09-23,2025-09-23T13:48:09,0.27,1.2,0.9228,0.0,EGM7F5T043
growatt,2025-09-23,2025-09-23T13:49:09,0.43,1.21,0.788,0.0,EGM7F5T043
growatt,2025-09-23,2025-09-23T13:50:09,0.42,1.23,0.81,0.0,EGM7F5T043
growatt,2025-09-23,2025-09-23T13:51:09,0.28,1.26,0.98,0.0,EGM7F5T043
growatt,2025-09-23,2025-09-23T13:52:09,0.43,1.28,0.84,0.0,EGM7F5T043
growatt,2025-09-23,2025-09-23T13:53:09,0.3,1.3,1.0,0.0,EGM7F5T043
growatt,2025-09-23,2025-09-23T13:54:09,0.41,1.34,0.92,0.0,EGM7F5T043
growatt,2025-09-23,2025-09-23T13:55:09,0.27,1.38,0.91,-0.2,EGM7F5T043
growatt,2025-09-23,2025-09-23T13:56:09,0.5,2.0,1.03,-0.49,EGM7F5T043
growatt,2025-09-23,2025-09-23T13:57:09,0.44,1.46,1.02,0.0,EGM7F5T043
growatt,2025-09-23,2025-09-23T13:58:09,0.26,1.61,1.0304,-0.31,EGM7F5T043
growatt,2025-09-23,2025-09-23T13:59:09,0.28,1.89,1.03,-0.57,EGM7F5T043
growatt,2025-09-23,2025-09-23T14:00:09,0.45,1.48,0.39,-0.67,EGM7F5T043
growatt,2025-09-23,2025-09-23T14:01:09,0.26,1.52,0.42110000000000003,-0.84,EGM7F5T043
growatt,2025-09-23,2025-09-23T14:02:09,0.27,1.65,0.42219999999999996,-0.97,EGM7F5T043
growatt,2025-09-23,2025-09-23T14:03:09,0.43,1.45,-0.13,-1.15,EGM7F5T043
growatt,2025-09-23,2025-09-23T14:04:09,0.23,1.82,0.0,-1.58,EGM7F5T043
growatt,2025-09-23,2025-09-23T14:04:49,0.41,1.73,0.0,-1.32,EGM7F5T043
growatt,2025-09-23,2025-09-23T14:05:49,0.28,2.69,0.0,-2.42,EGM7F5T043
growatt,2025-09-23,2025-09-23T14:06:49,0.4,2.02,0.0,-1.62,EGM7F5T043
growatt,2025-09-23,2025-09-23T14:07:49,0.26,2.07,0.0,-1.82,EGM7F5T043
growatt,2025-09-23,2025-09-23T14:08:49,0.57,2.71,0.0,-2.14,EGM7F5T043
growatt,2025-09-23,2025-09-23T14:09:49,0.46,2.84,0.0,-2.38,EGM7F5T043
growatt,2025-09-23,2025-09-23T14:10:49,0.3,2.84,0.0,-2.55,EGM7F5T043
growatt,2025-09-23,2025-09-23T14:11:49,0.29,2.47,0.0,-2.89,EGM7F5T043
growatt,2025-09-23,2025-09-23T14:12:49,0.31,3.56,0.0,-3.25,EGM7F5T043
growatt,2025-09-23,2025-09-23T14:13:49,0.48,3.01,0.0,-2.53,EGM7F5T043
growatt,2025-09-23,2025-09-23T14:14:49,0.32,3.54,0.0,-3.22,EGM7F5T043
growatt,2025-09-23,2025-09-23T14:15:49,0.3,3.45,0.0,-3.14,EGM7F5T043
growatt,2025-09-23,2025-09-23T14:16:49,0.31,3.55,0.0,-3.19,EGM7F5T043
growatt,2025-09-23,2025-09-23T14:17:49,2.14,2.77,0.0,-0.62,EGM7F5T043
growatt,2025-09-23,2025-09-23T14:18:49,0.47,2.49,0.0,-2.02,EGM7F5T043
growatt,2025-09-23,2025-09-23T14:19:49,0.27,2.26,0.0,-1.99,EGM7F5T043
growatt,2025-09-23,2025-09-23T14:20:49,0.25,1.97,0.0,-1.71,EGM7F5T043
growatt,2025-09-23,2025-09-23T14:21:49,0.41,1.9,0.0,-1.49,EGM7F5T043
growatt,2025-09-23,2025-09-23T14:22:49,0.25,1.86,0.0,-1.61,EGM7F5T043
growatt,2025-09-23,2025-09-23T14:23:49,0.25,1.92,0.0,-1.66,EGM7F5T043
growatt,2025-09-23,2025-09-23T14:24:49,0.48,2.21,0.0,-1.67,EGM7F5T043
growatt,2025-09-23,2025-09-23T14:25:49,0.45,2.38,0.0,-1.93,EGM7F5T043
growatt,2025-09-23,2025-09-23T14:26:49,0.52,2.31,0.0,-1.79,EGM7F5T043
growatt,2025-09-23,2025-09-23T14:27:49,0.44,2.19,0.0,-1.75,EGM7F5T043
growatt,2025-09-23,2025-09-23T14:28:49,0.26,2.19,0.0,-1.93,EGM7F5T043
growatt,2025-09-23,2025-09-23T14:29:49,0.45,1.97,0.0,-1.52,EGM7F5T043
growatt,2025-09-23,2025-09-23T14:30:49,2.11,1.91,-0.27,-0.06,EGM7F5T043
growatt,2025-09-23,2025-09-23T14:31:49,0.42,1.81,0.0,-1.39,EGM7F5T043
growatt,2025-09-23,2025-09-23T14:32:49,0.43,1.67,0.0,-1.24,EGM7F5T043
growatt,2025-09-23,2025-09-23T14:33:49,0.25,1.53,0.0,-1.27,EGM7F5T043
growatt,2025-09-23,2025-09-23T14:34:49,0.41,1.44,0.0,-1.01,EGM7F5T043
growatt,2025-09-23,2025-09-23T14:35:49,0.41,1.35,0.0,-0.95,EGM7F5T043
growatt,2025-09-23,2025-09-23T14:36:49,0.42,1.3,0.0,-0.88,EGM7F5T043
growatt,2025-09-23,2025-09-23T14:37:49,0.42,1.28,0.0,-0.86,EGM7F5T043
growatt,2025-09-23,2025-09-23T14:38:49,0.26,1.26,0.0,-1.01,EGM7F5T043
growatt,2025-09-23,2025-09-23T14:39:49,0.25,1.26,0.0,-1.01,EGM7F5T043
growatt,2025-09-23,2025-09-23T14:40:49,0.26,1.25,0.0,-0.99,EGM7F5T043
growatt,2025-09-23,2025-09-23T14:41:49,0.28,1.24,0.0,-0.96,EGM7F5T043
growatt,2025-09-23,2025-09-23T14:42:49,0.27,1.23,0.0,-0.96,EGM7F5T043
growatt,2025-09-23,2025-09-23T14:43:49,0.26,1.22,0.0,-0.96,EGM7F5T043
growatt,2025-09-23,2025-09-23T14:44:49,0.25,1.21,0.0,-0.96,EGM7F5T043
growatt,2025-09-23,2025-09-23T14:45:49,0.36,1.21,0.0,-0.85,EGM7F5T043
growatt,2025-09-23,2025-09-23T14:46:49,0.42,1.19,0.0,-0.77,EGM7F5T043
growatt,2025-09-23,2025-09-23T14:47:49,0.25,1.17,0.0,-0.92,EGM7F5T043
growatt,2025-09-23,2025-09-23T14:48:49,0.33,1.16,0.0,-0.83,EGM7F5T043
growatt,2025-09-23,2025-09-23T14:49:49,0.34,1.15,0.0,-0.81,EGM7F5T043
growatt,2025-09-23,2025-09-23T14:50:49,0.42,1.15,0.0,-0.73,EGM7F5T043
growatt,2025-09-23,2025-09-23T14:51:49,0.23,1.16,0.0,-0.93,EGM7F5T043
growatt,2025-09-23,2025-09-23T14:52:49,0.58,1.17,0.0,-0.6,EGM7F5T043
growatt,2025-09-23,2025-09-23T14:53:49,0.52,1.18,0.0,-0.66,EGM7F5T043
growatt,2025-09-23,2025-09-23T14:54:49,0.26,1.2,0.0,-0.94,EGM7F5T043
growatt,2025-09-23,2025-09-23T14:55:49,0.29,1.21,0.0,-0.92,EGM7F5T043
growatt,2025-09-23,2025-09-23T14:56:49,0.28,1.21,0.0,-0.93,EGM7F5T043
growatt,2025-09-23,2025-09-23T14:57:49,0.27,1.22,0.0,-0.95,EGM7F5T043
growatt,2025-09-23,2025-09-23T14:58:49,0.25,1.22,0.0,-0.97,EGM7F5T043
growatt,2025-09-23,2025-09-23T14:59:49,0.34,1.22,0.0,-0.88,EGM7F5T043
growatt,2025-09-23,2025-09-23T15:00:49,0.39,1.23,0.0,-0.83,EGM7F5T043
growatt,2025-09-23,2025-09-23T15:01:49,0.45,1.23,0.0,-0.78,EGM7F5T043
growatt,2025-09-23,2025-09-23T15:02:49,0.49,1.24,0.0,-0.75,EGM7F5T043
growatt,2025-09-23,2025-09-23T15:03:49,0.24,1.25,0.0,-1.01,EGM7F5T043
growatt,2025-09-23,2025-09-23T15:04:49,0.23,1.26,0.0,-1.03,EGM7F5T043
growatt,2025-09-23,2025-09-23T15:05:49,0.32,1.27,0.0,-0.95,EGM7F5T043
growatt,2025-09-23,2025-09-23T15:06:49,0.24,1.27,0.0,-1.03,EGM7F5T043
growatt,2025-09-23,2025-09-23T15:07:49,0.39,1.27,0.0,-0.88,EGM7F5T043
growatt,2025-09-23,2025-09-23T15:08:49,0.56,1.27,0.0,-0.71,EGM7F5T043
growatt,2025-09-23,2025-09-23T15:09:49,0.22,1.25,0.0,-1.03,EGM7F5T043
growatt,2025-09-23,2025-09-23T15:10:49,5.23,1.24,-2.76,1.23,EGM7F5T043
growatt,2025-09-23,2025-09-23T15:11:49,5.22,1.22,-2.8,1.2,EGM7F5T043
growatt,2025-09-23,2025-09-23T15:12:49,4.87,1.2,-2.8033,0.87,EGM7F5T043
growatt,2025-09-23,2025-09-23T15:13:49,4.92,1.18,-2.82,0.92,EGM7F5T043
growatt,2025-09-23,2025-09-23T15:14:49,4.9,1.18,-2.83,0.89,EGM7F5T043
growatt,2025-09-23,2025-09-23T15:15:49,4.86,1.16,-2.84,0.86,EGM7F5T043
growatt,2025-09-23,2025-09-23T15:16:49,4.9,1.15,-2.85,0.9,EGM7F5T043
growatt,2025-09-23,2025-09-23T15:17:49,4.91,1.15,-2.86,0.9,EGM7F5T043
growatt,2025-09-23,2025-09-23T15:18:49,4.85,1.15,-2.85,0.85,EGM7F5T043
growatt,2025-09-23,2025-09-23T15:19:49,4.86,1.16,-2.85,0.85,EGM7F5T043
growatt,2025-09-23,2025-09-23T15:20:49,4.86,1.15,-2.85,0.85,EGM7F5T043
growatt,2025-09-23,2025-09-23T15:21:49,4.98,1.14,-2.86,0.98,EGM7F5T043
growatt,2025-09-23,2025-09-23T15:22:49,4.99,1.14,-2.8626,0.98,EGM7F5T043
growatt,2025-09-23,2025-09-23T15:23:49,0.43,1.14,0.71,0.0,EGM7F5T043
growatt,2025-09-23,2025-09-23T15:24:49,0.39,1.14,0.6574,-0.12,EGM7F5T043
growatt,2025-09-23,2025-09-23T15:25:49,0.55,1.14,0.59,0.0,EGM7F5T043
growatt,2025-09-23,2025-09-23T15:26:49,0.29,1.15,0.86,0.0,EGM7F5T043
growatt,2025-09-23,2025-09-23T15:27:49,0.28,1.16,0.88,0.0,EGM7F5T043
growatt,2025-09-23,2025-09-23T15:28:49,0.28,1.16,0.88,0.0,EGM7F5T043
growatt,2025-09-23,2025-09-23T15:29:49,0.24,1.15,0.9107999999999999,0.0,EGM7F5T043
growatt,2025-09-23,2025-09-23T15:30:49,0.24,1.15,0.91,0.0,EGM7F5T043
growatt,2025-09-23,2025-09-23T15:31:49,0.24,1.15,0.91,0.0,EGM7F5T043
growatt,2025-09-23,2025-09-23T15:32:49,0.23,1.14,0.9107000000000001,0.0,EGM7F5T043
growatt,2025-09-23,2025-09-23T15:33:49,0.22,1.13,0.91,0.0,EGM7F5T043
growatt,2025-09-23,2025-09-23T15:34:49,0.22,1.12,0.9107999999999999,0.0,EGM7F5T043
growatt,2025-09-23,2025-09-23T15:35:49,0.21,1.12,0.91,0.0,EGM7F5T043
growatt,2025-09-23,2025-09-23T15:36:49,0.21,1.12,0.91,0.0,EGM7F5T043
growatt,2025-09-23,2025-09-23T15:37:49,0.21,1.12,0.91,0.0,EGM7F5T043
growatt,2025-09-23,2025-09-23T15:38:49,0.21,1.12,0.91,0.0,EGM7F5T043
growatt,2025-09-23,2025-09-23T15:39:49,0.21,1.12,0.91,0.0,EGM7F5T043
growatt,2025-09-23,2025-09-23T15:40:49,0.2,1.11,0.9107999999999999,0.0,EGM7F5T043
growatt,2025-09-23,2025-09-23T15:41:49,0.2,1.11,0.91,0.0,EGM7F5T043
growatt,2025-09-23,2025-09-23T15:42:49,0.19,1.1,0.9107999999999999,0.0,EGM7F5T043
growatt,2025-09-23,2025-09-23T15:43:49,0.19,1.1,0.9108999999999999,0.0,EGM7F5T043
growatt,2025-09-23,2025-09-23T15:44:49,0.19,1.1,0.91,0.0,EGM7F5T043
growatt,2025-09-23,2025-09-23T15:45:49,0.18,1.09,0.91,0.0,EGM7F5T043
growatt,2025-09-23,2025-09-23T15:46:49,0.2,1.08,0.88,0.0,EGM7F5T043
growatt,2025-09-23,2025-09-23T15:47:49,0.19,1.07,0.88,0.0,EGM7F5T043
growatt,2025-09-23,2025-09-23T15:48:49,0.23,1.06,0.8856,0.05,EGM7F5T043
growatt,2025-09-23,2025-09-23T15:49:49,0.19,1.05,0.86,0.0,EGM7F5T043
growatt,2025-09-23,2025-09-23T15:50:49,0.18,1.04,0.86,0.0,EGM7F5T043
growatt,2025-09-23,2025-09-23T15:51:49,0.22,1.03,0.86,0.05,EGM7F5T043
growatt,2025-09-23,2025-09-23T15:52:49,0.19,1.02,0.83,0.0,EGM7F5T043
growatt,2025-09-23,2025-09-23T15:53:49,0.22,1.02,0.8,0.0,EGM7F5T043
growatt,2025-09-23,2025-09-23T15:54:49,0.24,1.01,0.77,0.0,EGM7F5T043
growatt,2025-09-23,2025-09-23T15:55:49,0.31,1.0,0.6992,0.0,EGM7F5T043
growatt,2025-09-23,2025-09-23T15:56:49,0.29,0.98,0.69,0.0,EGM7F5T043
growatt,2025-09-23,2025-09-23T15:57:49,0.28,0.97,0.69,0.0,EGM7F5T043
growatt,2025-09-23,2025-09-23T15:58:49,0.27,0.96,0.6991,0.0,EGM7F5T043
growatt,2025-09-23,2025-09-23T15:59:49,0.26,0.95,0.69,0.0,EGM7F5T043
growatt,2025-09-23,2025-09-23T16:00:49,3.41,0.93,-2.47,0.0,EGM7F5T043
growatt,2025-09-23,2025-09-23T16:01:49,3.37,0.92,-2.45,0.0,EGM7F5T043
growatt,2025-09-23,2025-09-23T16:02:49,3.37,0.92,-2.45,0.0,EGM7F5T043
growatt,2025-09-23,2025-09-23T16:03:49,3.36,0.92,-2.45,0.0,EGM7F5T043
growatt,2025-09-23,2025-09-23T16:04:49,0.29,0.91,0.62,0.0,EGM7F5T043
growatt,2025-09-23,2025-09-23T16:05:49,0.29,0.9,0.6277999999999999,0.0,EGM7F5T043
growatt,2025-09-23,2025-09-23T16:06:49,0.28,0.9,0.62,0.0,EGM7F5T043
growatt,2025-09-23,2025-09-23T16:07:49,4.22,0.9,-3.11,0.21,EGM7F5T043
growatt,2025-09-23,2025-09-23T16:08:49,4.22,0.9,-3.11,0.21,EGM7F5T043
growatt,2025-09-23,2025-09-23T16:09:49,4.21,0.9,-3.11,0.2,EGM7F5T043
growatt,2025-09-23,2025-09-23T16:10:49,4.19,0.89,-3.11,0.18,EGM7F5T043
growatt,2025-09-23,2025-09-23T16:11:49,2.94,0.9,-2.04,0.0,EGM7F5T043
growatt,2025-09-23,2025-09-23T16:12:49,2.93,0.89,-2.04,0.0,EGM7F5T043
growatt,2025-09-23,2025-09-23T16:13:49,2.91,0.89,-2.02,0.0,EGM7F5T043
growatt,2025-09-23,2025-09-23T16:14:49,2.92,0.9,-2.0231,0.0,EGM7F5T043
growatt,2025-09-23,2025-09-23T16:15:49,2.91,0.91,-2.01,0.0,EGM7F5T043
growatt,2025-09-23,2025-09-23T16:16:49,2.97,0.91,-2.06,0.0,EGM7F5T043
growatt,2025-09-23,2025-09-23T16:17:49,2.98,0.92,-2.06,0.0,EGM7F5T043
growatt,2025-09-23,2025-09-23T16:18:49,2.98,0.92,-2.06,0.0,EGM7F5T043
growatt,2025-09-23,2025-09-23T16:19:49,2.99,0.93,-2.06,0.0,EGM7F5T043
growatt,2025-09-23,2025-09-23T16:20:49,2.97,0.93,-2.04,0.0,EGM7F5T043
growatt,2025-09-23,2025-09-23T16:21:49,2.97,0.93,-2.04,0.0,EGM7F5T043
growatt,2025-09-23,2025-09-23T16:22:49,2.96,0.92,-2.04,0.0,EGM7F5T043
growatt,2025-09-23,2025-09-23T16:23:49,2.95,0.91,-2.04,0.0,EGM7F5T043
growatt,2025-09-23,2025-09-23T16:24:49,1.13,0.91,-0.22,0.0,EGM7F5T043
growatt,2025-09-23,2025-09-23T16:25:49,1.11,0.89,-0.22,0.0,EGM7F5T043
growatt,2025-09-23,2025-09-23T16:26:49,2.94,0.88,-2.06,0.0,EGM7F5T043
growatt,2025-09-23,2025-09-23T16:27:49,2.92,0.86,-2.06,0.0,EGM7F5T043
growatt,2025-09-23,2025-09-23T16:28:49,1.12,0.84,-0.28,0.0,EGM7F5T043
growatt,2025-09-23,2025-09-23T16:29:49,1.1,0.82,-0.28,0.0,EGM7F5T043
growatt,2025-09-23,2025-09-23T16:30:49,1.09,0.81,-0.28,0.0,EGM7F5T043
growatt,2025-09-23,2025-09-23T16:31:49,4.27,0.79,-3.21,0.27,EGM7F5T043
growatt,2025-09-23,2025-09-23T16:32:49,4.23,0.78,-3.23,0.22,EGM7F5T043
growatt,2025-09-23,2025-09-23T16:33:49,2.35,0.78,-1.57,0.0,EGM7F5T043
growatt,2025-09-23,2025-09-23T16:34:49,2.31,0.77,-1.54,0.0,EGM7F5T043
growatt,2025-09-23,2025-09-23T16:35:49,2.28,0.77,-1.51,0.0,EGM7F5T043
growatt,2025-09-23,2025-09-23T16:36:49,2.28,0.77,-1.51,0.0,EGM7F5T043
growatt,2025-09-23,2025-09-23T16:37:49,4.18,0.76,-3.25,0.17,EGM7F5T043
growatt,2025-09-23,2025-09-23T16:38:49,4.15,0.76,-3.25,0.14,EGM7F5T043
growatt,2025-09-23,2025-09-23T16:39:49,2.27,0.76,-1.51,0.0,EGM7F5T043
growatt,2025-09-23,2025-09-23T16:40:49,2.32,0.76,-1.56,0.0,EGM7F5T043
growatt,2025-09-23,2025-09-23T16:41:49,2.32,0.76,-1.56,0.0,EGM7F5T043
growatt,2025-09-23,2025-09-23T16:42:49,4.26,0.76,-3.28,0.23,EGM7F5T043
growatt,2025-09-23,2025-09-23T16:43:49,4.24,0.76,-3.25,0.23,EGM7F5T043
growatt,2025-09-23,2025-09-23T16:44:49,2.36,0.76,-1.6,0.0,EGM7F5T043
growatt,2025-09-23,2025-09-23T16:45:49,2.36,0.76,-1.6,0.0,EGM7F5T043
growatt,2025-09-23,2025-09-23T16:46:49,2.36,0.76,-1.6,0.0,EGM7F5T043
growatt,2025-09-23,2025-09-23T16:47:49,2.36,0.76,-1.6,0.0,EGM7F5T043
growatt,2025-09-23,2025-09-23T16:48:49,3.28,0.75,-2.53,0.0,EGM7F5T043
growatt,2025-09-23,2025-09-23T16:49:49,3.28,0.75,-2.53,0.0,EGM7F5T043
growatt,2025-09-23,2025-09-23T16:50:49,1.47,0.74,-0.73,0.0,EGM7F5T043
growatt,2025-09-23,2025-09-23T16:51:49,1.47,0.74,-0.73,0.0,EGM7F5T043
growatt,2025-09-23,2025-09-23T16:52:49,1.46,0.73,-0.73,0.0,EGM7F5T043
growatt,2025-09-23,2025-09-23T16:53:49,3.28,0.72,-2.57,0.0,EGM7F5T043
growatt,2025-09-23,2025-09-23T16:54:49,3.26,0.69,-2.57,0.0,EGM7F5T043
growatt,2025-09-23,2025-09-23T16:55:49,1.45,0.68,-0.83,-0.06,EGM7F5T043
growatt,2025-09-23,2025-09-23T16:56:49,1.47,0.67,-0.79,0.0,EGM7F5T043
growatt,2025-09-23,2025-09-23T16:57:49,3.29,0.67,-2.63,0.0,EGM7F5T043
growatt,2025-09-23,2025-09-23T16:58:49,3.28,0.65,-2.63,0.0,EGM7F5T043
growatt,2025-09-23,2025-09-23T16:59:49,3.27,0.64,-2.63,0.0,EGM7F5T043
growatt,2025-09-23,2025-09-23T17:00:49,3.26,0.63,-2.63,0.0,EGM7F5T043
growatt,2025-09-23,2025-09-23T17:01:49,3.28,0.62,-2.66,0.0,EGM7F5T043
growatt,2025-09-23,2025-09-23T17:02:49,3.27,0.61,-2.66,0.0,EGM7F5T043
growatt,2025-09-23,2025-09-23T17:03:49,3.31,0.6,-2.71,0.0,EGM7F5T043
growatt,2025-09-23,2025-09-23T17:04:49,3.3,0.59,-2.71,0.0,EGM7F5T043
growatt,2025-09-23,2025-09-23T17:05:49,3.3,0.59,-2.71,0.0,EGM7F5T043
growatt,2025-09-23,2025-09-23T17:06:49,3.3,0.59,-2.71,0.0,EGM7F5T043
growatt,2025-09-23,2025-09-23T17:07:49,3.3,0.59,-2.71,0.0,EGM7F5T043
growatt,2025-09-23,2025-09-23T17:08:49,3.31,0.6,-2.71,0.0,EGM7F5T043
growatt,2025-09-23,2025-09-23T17:09:49,1.45,0.61,-0.85,0.0,EGM7F5T043
growatt,2025-09-23,2025-09-23T17:10:49,3.3,0.6,-2.7,0.0,EGM7F5T043
growatt,2025-09-23,2025-09-23T17:11:49,3.3,0.6,-2.7,0.0,EGM7F5T043
growatt,2025-09-23,2025-09-23T17:12:49,3.3,0.6,-2.7,0.0,EGM7F5T043
growatt,2025-09-23,2025-09-23T17:13:49,3.29,0.59,-2.7,0.0,EGM7F5T043
growatt,2025-09-23,2025-09-23T17:14:49,3.29,0.59,-2.7,0.0,EGM7F5T043
growatt,2025-09-23,2025-09-23T17:15:49,6.24,0.59,-3.45,2.21,EGM7F5T043
growatt,2025-09-23,2025-09-23T17:16:49,6.24,0.58,-3.45,2.21,EGM7F5T043
growatt,2025-09-23,2025-09-23T17:17:49,3.35,0.57,-2.78,0.0,EGM7F5T043
growatt,2025-09-23,2025-09-23T17:18:49,4.59,0.56,-3.47,0.56,EGM7F5T043
growatt,2025-09-23,2025-09-23T17:19:49,6.21,0.56,-3.48,2.18,EGM7F5T043
growatt,2025-09-23,2025-09-23T17:20:49,6.21,0.54,-3.5016,2.17,EGM7F5T043
growatt,2025-09-23,2025-09-23T17:21:49,7.37,0.53,-3.51,3.33,EGM7F5T043
growatt,2025-09-23,2025-09-23T17:22:49,4.64,0.55,-3.5,0.59,EGM7F5T043
growatt,2025-09-23,2025-09-23T17:23:49,4.58,0.51,-3.54,0.53,EGM7F5T043
growatt,2025-09-23,2025-09-23T17:24:49,2.74,0.5,-2.24,0.0,EGM7F5T043
growatt,2025-09-23,2025-09-23T17:25:49,1.47,0.51,-0.96,0.0,EGM7F5T043
growatt,2025-09-23,2025-09-23T17:26:49,1.47,0.51,-0.96,0.0,EGM7F5T043
growatt,2025-09-23,2025-09-23T17:27:49,1.46,0.5,-0.96,0.0,EGM7F5T043
growatt,2025-09-23,2025-09-23T17:28:49,1.48,0.54,-0.94,0.0,EGM7F5T043
growatt,2025-09-23,2025-09-23T17:29:49,1.4,0.51,-0.89,0.0,EGM7F5T043
growatt,2025-09-23,2025-09-23T17:30:49,0.24,0.43,0.2005,0.0,EGM7F5T043
growatt,2025-09-23,2025-09-23T17:31:49,0.21,0.39,0.1753,0.0,EGM7F5T043
growatt,2025-09-23,2025-09-23T17:32:49,0.21,0.36,0.15,0.0,EGM7F5T043
growatt,2025-09-23,2025-09-23T17:33:49,0.21,0.33,0.12,0.0,EGM7F5T043
growatt,2025-09-23,2025-09-23T17:34:49,0.25,0.29,0.09,0.05,EGM7F5T043
growatt,2025-09-23,2025-09-23T17:35:49,0.21,0.28,0.07,0.0,EGM7F5T043
growatt,2025-09-23,2025-09-23T17:36:49,0.27,0.27,0.0,0.0,EGM7F5T043
growatt,2025-09-23,2025-09-23T17:37:49,0.26,0.26,0.0,0.0,EGM7F5T043
growatt,2025-09-23,2025-09-23T17:38:49,0.26,0.26,0.0,0.0,EGM7F5T043
growatt,2025-09-23,2025-09-23T17:39:49,0.25,0.25,0.0,0.0,EGM7F5T043
growatt,2025-09-23,2025-09-23T17:40:49,0.25,0.25,0.0,0.0,EGM7F5T043
growatt,2025-09-23,2025-09-23T17:41:49,0.24,0.24,0.0,0.0,EGM7F5T043
growatt,2025-09-23,2025-09-23T17:42:49,0.29,0.23,0.0,0.05,EGM7F5T043
growatt,2025-09-23,2025-09-23T17:43:49,0.23,0.23,0.0,0.0,EGM7F5T043
growatt,2025-09-23,2025-09-23T17:44:49,0.23,0.23,0.0,0.0,EGM7F5T043
growatt,2025-09-23,2025-09-23T17:45:49,0.23,0.23,0.0,0.0,EGM7F5T043
growatt,2025-09-23,2025-09-23T17:46:49,0.24,0.24,0.0,0.0,EGM7F5T043
growatt,2025-09-23,2025-09-23T17:47:49,0.26,0.26,0.0,0.0,EGM7F5T043
growatt,2025-09-23,2025-09-23T17:48:49,1.5,0.23,-1.27,0.0,EGM7F5T043
growatt,2025-09-23,2025-09-23T17:49:49,0.29,0.23,-0.06,0.0,EGM7F5T043
growatt,2025-09-23,2025-09-23T17:50:49,0.24,0.25,0.0,0.0,EGM7F5T043
growatt,2025-09-23,2025-09-23T17:51:49,0.27,0.26,0.0,0.0,EGM7F5T043
growatt,2025-09-23,2025-09-23T17:52:49,0.21,0.27,0.0659,0.0,EGM7F5T043
growatt,2025-09-23,2025-09-23T17:53:49,0.24,0.24,0.0,0.0,EGM7F5T043
growatt,2025-09-23,2025-09-23T17:54:49,0.23,0.23,0.0,0.0,EGM7F5T043
growatt,2025-09-23,2025-09-23T17:55:49,0.22,0.22,0.0,0.0,EGM7F5T043
growatt,2025-09-23,2025-09-23T17:56:49,0.23,0.23,0.0,0.0,EGM7F5T043
growatt,2025-09-23,2025-09-23T17:57:49,0.26,0.25,0.0,0.0,EGM7F5T043
growatt,2025-09-23,2025-09-23T17:58:49,0.3,0.93,0.6329,0.0,EGM7F5T043
growatt,2025-09-23,2025-09-23T17:59:49,0.16,0.29,0.13,0.0,EGM7F5T043
growatt,2025-09-23,2025-09-23T18:00:49,0.23,0.23,0.0,0.0,EGM7F5T043
growatt,2025-09-23,2025-09-23T18:01:49,0.24,0.24,0.0,0.0,EGM7F5T043
growatt,2025-09-23,2025-09-23T18:02:49,0.22,0.22,0.0,0.0,EGM7F5T043
growatt,2025-09-23,2025-09-23T18:03:49,0.21,0.21,0.0,0.0,EGM7F5T043
growatt,2025-09-23,2025-09-23T18:04:49,0.21,0.21,0.0,0.0,EGM7F5T043
growatt,2025-09-23,2025-09-23T18:05:49,0.2,0.21,0.0,0.0,EGM7F5T043
growatt,2025-09-23,2025-09-23T18:06:49,0.21,0.21,0.0,0.0,EGM7F5T043
growatt,2025-09-23,2025-09-23T18:07:49,0.25,0.25,0.0,0.0,EGM7F5T043
growatt,2025-09-23,2025-09-23T18:08:49,0.32,0.53,0.27,0.06,EGM7F5T043
growatt,2025-09-23,2025-09-23T18:09:49,0.26,0.27,0.0,0.0,EGM7F5T043
growatt,2025-09-23,2025-09-23T18:10:49,0.33,0.67,0.3404,0.0,EGM7F5T043
growatt,2025-09-23,2025-09-23T18:11:49,0.32,0.71,0.39,0.0,EGM7F5T043
growatt,2025-09-23,2025-09-23T18:12:49,4.99,0.69,-3.38,0.92,EGM7F5T043
growatt,2025-09-23,2025-09-23T18:13:49,4.99,0.66,-3.4,0.93,EGM7F5T043
growatt,2025-09-23,2025-09-23T18:14:49,4.99,0.65,-3.4283,0.92,EGM7F5T043
growatt,2025-09-23,2025-09-23T18:15:49,5.0,0.64,-3.43,0.93,EGM7F5T043
growatt,2025-09-23,2025-09-23T18:16:49,5.01,0.61,-3.46,0.94,EGM7F5T043
growatt,2025-09-23,2025-09-23T18:17:49,0.32,0.6,0.2899,0.0,EGM7F5T043
growatt,2025-09-23,2025-09-23T18:18:49,0.3,0.58,0.28,0.0,EGM7F5T043
growatt,2025-09-23,2025-09-23T18:19:49,0.28,0.56,0.28,0.0,EGM7F5T043
growatt,2025-09-23,2025-09-23T18:20:49,0.26,0.54,0.2899,0.0,EGM7F5T043
growatt,2025-09-23,2025-09-23T18:21:49,0.27,0.53,0.26,0.0,EGM7F5T043
growatt,2025-09-23,2025-09-23T18:22:49,0.28,0.5,0.22,0.0,EGM7F5T043
growatt,2025-09-23,2025-09-23T18:23:49,0.29,0.48,0.1978,0.0,EGM7F5T043
growatt,2025-09-23,2025-09-23T18:24:49,0.28,0.47,0.19,0.0,EGM7F5T043
growatt,2025-09-23,2025-09-23T18:25:49,0.27,0.33,0.11,0.05,EGM7F5T043
growatt,2025-09-23,2025-09-23T18:26:49,2.41,0.31,-2.12,0.0,EGM7F5T043
growatt,2025-09-23,2025-09-23T18:27:49,2.45,0.19,-2.26,0.0,EGM7F5T043
growatt,2025-09-23,2025-09-23T18:28:49,2.47,0.19,-2.28,0.0,EGM7F5T043
growatt,2025-09-23,2025-09-23T18:29:49,0.35,0.18,-0.17,0.0,EGM7F5T043
growatt,2025-09-23,2025-09-23T18:30:49,3.58,0.17,-3.41,0.0,EGM7F5T043
growatt,2025-09-23,2025-09-23T18:31:49,3.57,0.16,-3.41,0.0,EGM7F5T043
growatt,2025-09-23,2025-09-23T18:32:49,3.56,0.15,-3.41,0.0,EGM7F5T043
growatt,2025-09-23,2025-09-23T18:33:49,3.55,0.15,-3.41,0.0,EGM7F5T043
growatt,2025-09-23,2025-09-23T18:34:49,2.49,0.14,-2.35,0.0,EGM7F5T043
growatt,2025-09-23,2025-09-23T18:35:49,0.35,0.14,-0.22,0.0,EGM7F5T043
growatt,2025-09-23,2025-09-23T18:36:49,0.35,0.14,-0.22,0.0,EGM7F5T043
growatt,2025-09-23,2025-09-23T18:37:49,0.35,0.13,-0.22,0.0,EGM7F5T043
growatt,2025-09-23,2025-09-23T18:38:49,0.34,0.12,-0.22,0.0,EGM7F5T043
growatt,2025-09-23,2025-09-23T18:39:49,0.34,0.11,-0.22,0.0,EGM7F5T043
growatt,2025-09-23,2025-09-23T18:40:49,0.33,0.11,-0.22,0.0,EGM7F5T043
growatt,2025-09-23,2025-09-23T18:41:49,0.31,0.12,-0.19,0.0,EGM7F5T043
growatt,2025-09-23,2025-09-23T18:42:49,0.31,0.11,-0.19,0.0,EGM7F5T043
growatt,2025-09-23,2025-09-23T18:43:49,0.3,0.11,-0.19,0.0,EGM7F5T043
growatt,2025-09-23,2025-09-23T18:44:49,0.3,0.11,-0.19,0.0,EGM7F5T043
growatt,2025-09-23,2025-09-23T18:45:49,0.3,0.11,-0.19,0.0,EGM7F5T043
growatt,2025-09-23,2025-09-23T18:46:49,0.3,0.1,-0.19,0.0,EGM7F5T043
growatt,2025-09-23,2025-09-23T18:47:49,0.29,0.1,-0.19,0.0,EGM7F5T043
growatt,2025-09-23,2025-09-23T18:48:49,0.29,0.1,-0.19,0.0,EGM7F5T043
growatt,2025-09-23,2025-09-23T18:49:49,0.28,0.1,-0.19,0.0,EGM7F5T043
growatt,2025-09-23,2025-09-23T18:50:49,0.28,0.09,-0.19,0.0,EGM7F5T043
growatt,2025-09-23,2025-09-23T18:51:49,0.28,0.08,-0.19,0.0,EGM7F5T043
growatt,2025-09-23,2025-09-23T18:52:49,0.27,0.08,-0.19,0.0,EGM7F5T043
growatt,2025-09-23,2025-09-23T18:53:49,0.27,0.08,-0.19,0.0,EGM7F5T043
growatt,2025-09-23,2025-09-23T18:54:49,0.26,0.07,-0.19,0.0,EGM7F5T043
growatt,2025-09-23,2025-09-23T18:55:49,0.26,0.07,-0.19,0.0,EGM7F5T043
growatt,2025-09-23,2025-09-23T18:56:49,0.26,0.07,-0.19,0.0,EGM7F5T043
growatt,2025-09-23,2025-09-23T18:57:49,0.26,0.07,-0.19,0.0,EGM7F5T043
growatt,2025-09-23,2025-09-23T18:58:49,0.25,0.06,-0.19,0.0,EGM7F5T043
growatt,2025-09-23,2025-09-23T18:59:49,0.25,0.06,-0.19,0.0,EGM7F5T043
growatt,2025-09-23,2025-09-23T19:00:49,0.25,0.06,-0.19,0.0,EGM7F5T043
growatt,2025-09-23,2025-09-23T19:01:49,0.25,0.06,-0.19,0.0,EGM7F5T043
growatt,2025-09-23,2025-09-23T19:02:49,0.25,0.06,-0.19,0.0,EGM7F5T043
growatt,2025-09-23,2025-09-23T19:03:49,0.25,0.06,-0.19,0.0,EGM7F5T043
growatt,2025-09-23,2025-09-23T19:04:49,0.25,0.06,-0.19,0.0,EGM7F5T043
growatt,2025-09-23,2025-09-23T19:05:49,0.24,0.05,-0.19,0.0,EGM7F5T043
growatt,2025-09-23,2025-09-23T19:06:49,0.24,0.05,-0.19,0.0,EGM7F5T043
growatt,2025-09-23,2025-09-23T19:07:49,0.24,0.04,-0.19,0.0,EGM7F5T043
growatt,2025-09-23,2025-09-23T19:08:49,0.23,0.04,-0.19,0.0,EGM7F5T043
growatt,2025-09-23,2025-09-23T19:09:49,0.23,0.04,-0.19,0.0,EGM7F5T043
growatt,2025-09-23,2025-09-23T19:10:49,0.23,0.04,-0.19,0.0,EGM7F5T043
growatt,2025-09-23,2025-09-23T19:11:49,0.23,0.04,-0.19,0.0,EGM7F5T043
growatt,2025-09-23,2025-09-23T19:12:49,0.23,0.04,-0.19,0.0,EGM7F5T043
growatt,2025-09-23,2025-09-23T19:13:49,0.22,0.03,-0.19,0.0,EGM7F5T043
growatt,2025-09-23,2025-09-23T19:14:49,0.22,0.04,-0.19,0.0,EGM7F5T043
growatt,2025-09-23,2025-09-23T19:15:49,0.22,0.03,-0.19,0.0,EGM7F5T043
growatt,2025-09-23,2025-09-23T19:16:49,0.22,0.03,-0.19,0.0,EGM7F5T043
growatt,2025-09-23,2025-09-23T19:17:49,0.22,0.03,-0.19,0.0,EGM7F5T043
growatt,2025-09-23,2025-09-23T19:18:49,0.22,0.03,-0.19,0.0,EGM7F5T043
growatt,2025-09-23,2025-09-23T19:19:49,0.22,0.03,-0.19,0.0,EGM7F5T043
growatt,2025-09-23,2025-09-23T19:20:49,0.22,0.03,-0.19,0.0,EGM7F5T043
growatt,2025-09-23,2025-09-23T19:21:49,0.22,0.02,-0.19,0.0,EGM7F5T043
growatt,2025-09-23,2025-09-23T19:22:49,0.21,0.02,-0.19,0.0,EGM7F5T043
growatt,2025-09-23,2025-09-23T19:23:49,0.21,0.02,-0.19,0.0,EGM7F5T043
growatt,2025-09-23,2025-09-23T19:24:49,0.21,0.02,-0.19,0.0,EGM7F5T043
growatt,2025-09-23,2025-09-23T19:25:49,0.21,0.02,-0.19,0.0,EGM7F5T043
growatt,2025-09-23,2025-09-23T19:26:49,0.21,0.02,-0.19,0.0,EGM7F5T043
growatt,2025-09-23,2025-09-23T19:27:49,0.21,0.02,-0.19,0.0,EGM7F5T043
growatt,2025-09-23,2025-09-23T19:28:49,0.21,0.02,-0.19,0.0,EGM7F5T043
growatt,2025-09-23,2025-09-23T19:29:49,0.23,0.01,-0.37,-0.16,EGM7F5T043
growatt,2025-09-23,2025-09-23T19:30:49,0.21,0.01,-0.37,-0.17,EGM7F5T043
growatt,2025-09-23,2025-09-23T19:31:49,0.21,0.01,-0.37,-0.17,EGM7F5T043
growatt,2025-09-23,2025-09-23T19:32:49,0.22,0.01,-0.38,-0.17,EGM7F5T043
growatt,2025-09-23,2025-09-23T19:33:49,0.22,0.01,-0.37,-0.16,EGM7F5T043
growatt,2025-09-23,2025-09-23T19:34:49,0.22,0.01,-0.38,-0.17,EGM7F5T043
growatt,2025-09-23,2025-09-23T19:35:49,0.22,0.01,-0.37,-0.16,EGM7F5T043
growatt,2025-09-23,2025-09-23T19:36:49,0.22,0.01,-0.38,-0.17,EGM7F5T043
growatt,2025-09-23,2025-09-23T19:37:49,0.2,0.01,-0.37,-0.17,EGM7F5T043
growatt,2025-09-23,2025-09-23T19:38:49,0.21,0.0,-0.38,-0.17,EGM7F5T043
growatt,2025-09-23,2025-09-23T19:39:49,0.21,0.0,-0.37,-0.16,EGM7F5T043
growatt,2025-09-23,2025-09-23T19:40:49,0.21,0.0,-0.38,-0.17,EGM7F5T043
growatt,2025-09-23,2025-09-23T19:41:49,0.22,0.0,-0.38,-0.16,EGM7F5T043
growatt,2025-09-23,2025-09-23T19:42:49,0.21,0.0,-0.38,-0.17,EGM7F5T043
growatt,2025-09-23,2025-09-23T19:43:49,0.2,0.0,-0.37,-0.17,EGM7F5T043
growatt,2025-09-23,2025-09-23T19:44:49,0.21,0.0,-0.38,-0.17,EGM7F5T043
growatt,2025-09-23,2025-09-23T19:45:49,0.21,0.0,-0.38,-0.17,EGM7F5T043
growatt,2025-09-23,2025-09-23T19:46:49,0.21,0.0,-0.37,-0.16,EGM7F5T043
growatt,2025-09-23,2025-09-23T19:47:49,0.21,0.0,-0.38,-0.17,EGM7F5T043
growatt,2025-09-23,2025-09-23T19:48:49,0.21,0.0,-0.3775,-0.16,EGM7F5T043
growatt,2025-09-23,2025-09-23T19:49:49,0.2,0.0,-0.37,-0.17,EGM7F5T043
growatt,2025-09-23,2025-09-23T19:50:49,0.2,0.0,-0.37,-0.17,EGM7F5T043
growatt,2025-09-23,2025-09-23T19:51:49,0.2,0.0,-0.37,-0.17,EGM7F5T043
growatt,2025-09-23,2025-09-23T19:52:49,0.21,0.0,-0.37,-0.16,EGM7F5T043
growatt,2025-09-23,2025-09-23T19:53:49,0.21,0.0,-0.38,-0.17,EGM7F5T043
growatt,2025-09-23,2025-09-23T19:54:49,0.21,0.0,-0.37,-0.16,EGM7F5T043
growatt,2025-09-23,2025-09-23T19:55:49,0.21,0.0,-0.37,-0.16,EGM7F5T043
growatt,2025-09-23,2025-09-23T19:56:49,0.2,0.0,-0.37,-0.17,EGM7F5T043
growatt,2025-09-23,2025-09-23T19:57:49,0.27,0.0,-0.44010000000000005,-0.17,EGM7F5T043
growatt,2025-09-23,2025-09-23T19:58:49,0.27,0.0,-0.44,-0.17,EGM7F5T043
growatt,2025-09-23,2025-09-23T19:59:49,0.26,0.0,-0.43539999999999995,-0.17,EGM7F5T043
growatt,2025-09-23,2025-09-23T20:00:49,0.26,0.0,-0.43,-0.17,EGM7F5T043
growatt,2025-09-23,2025-09-23T20:01:49,0.26,0.0,-0.43,-0.17,EGM7F5T043
growatt,2025-09-23,2025-09-23T20:02:49,0.26,0.0,-0.42,-0.16,EGM7F5T043
growatt,2025-09-23,2025-09-23T20:03:49,0.26,0.0,-0.43,-0.17,EGM7F5T043
growatt,2025-09-23,2025-09-23T20:04:49,0.26,0.0,-0.43,-0.17,EGM7F5T043
growatt,2025-09-23,2025-09-23T20:05:49,0.26,0.0,-0.44,-0.18,EGM7F5T043
growatt,2025-09-23,2025-09-23T20:06:49,0.27,0.0,-0.44,-0.17,EGM7F5T043
growatt,2025-09-23,2025-09-23T20:07:49,0.26,0.0,-0.43,-0.17,EGM7F5T043
growatt,2025-09-23,2025-09-23T20:08:49,0.33,0.0,-0.52,-0.19,EGM7F5T043
growatt,2025-09-23,2025-09-23T20:09:49,0.33,0.0,-0.51,-0.18,EGM7F5T043
growatt,2025-09-23,2025-09-23T20:10:49,0.34,0.0,-0.52,-0.18,EGM7F5T043
growatt,2025-09-23,2025-09-23T20:11:49,0.33,0.0,-0.52,-0.19,EGM7F5T043
growatt,2025-09-23,2025-09-23T20:12:49,0.34,0.0,-0.52,-0.18,EGM7F5T043
growatt,2025-09-23,2025-09-23T20:13:49,0.33,0.0,-0.52,-0.19,EGM7F5T043
growatt,2025-09-23,2025-09-23T20:14:49,0.33,0.0,-0.5277999999999999,-0.19,EGM7F5T043
growatt,2025-09-23,2025-09-23T20:15:49,0.34,0.0,-0.53,-0.19,EGM7F5T043
growatt,2025-09-23,2025-09-23T20:16:49,0.34,0.0,-0.52,-0.18,EGM7F5T043
growatt,2025-09-23,2025-09-23T20:17:49,0.33,0.0,-0.52,-0.19,EGM7F5T043
growatt,2025-09-23,2025-09-23T20:18:49,0.34,0.0,-0.52,-0.18,EGM7F5T043
growatt,2025-09-23,2025-09-23T20:19:49,0.33,0.0,-0.52,-0.19,EGM7F5T043
growatt,2025-09-23,2025-09-23T20:20:49,0.33,0.0,-0.51,-0.18,EGM7F5T043
growatt,2025-09-23,2025-09-23T20:21:49,0.34,0.0,-0.52,-0.18,EGM7F5T043
growatt,2025-09-23,2025-09-23T20:22:49,0.33,0.0,-0.52,-0.19,EGM7F5T043
growatt,2025-09-23,2025-09-23T20:23:49,0.33,0.0,-0.5214,-0.18,EGM7F5T043
growatt,2025-09-23,2025-09-23T20:24:49,0.32,0.0,-0.51,-0.19,EGM7F5T043
growatt,2025-09-23,2025-09-23T20:25:49,0.33,0.0,-0.51,-0.18,EGM7F5T043
growatt,2025-09-23,2025-09-23T20:26:49,0.33,0.0,-0.51,-0.18,EGM7F5T043
growatt,2025-09-23,2025-09-23T20:27:49,0.33,0.0,-0.52,-0.19,EGM7F5T043
growatt,2025-09-23,2025-09-23T20:28:49,0.33,0.0,-0.51,-0.18,EGM7F5T043
growatt,2025-09-23,2025-09-23T20:29:49,0.32,0.0,-0.51,-0.19,EGM7F5T043
growatt,2025-09-23,2025-09-23T20:30:49,0.33,0.0,-0.51,-0.18,EGM7F5T043
growatt,2025-09-23,2025-09-23T20:31:49,0.33,0.0,-0.52,-0.19,EGM7F5T043
growatt,2025-09-23,2025-09-23T20:32:49,0.33,0.0,-0.51,-0.18,EGM7F5T043
growatt,2025-09-23,2025-09-23T20:33:49,0.32,0.0,-0.51,-0.19,EGM7F5T043
growatt,2025-09-23,2025-09-23T20:34:49,0.33,0.0,-0.51,-0.18,EGM7F5T043
growatt,2025-09-23,2025-09-23T20:35:49,0.33,0.0,-0.51,-0.18,EGM7F5T043
growatt,2025-09-23,2025-09-23T20:36:49,0.33,0.0,-0.51,-0.18,EGM7F5T043
growatt,2025-09-23,2025-09-23T20:37:49,0.34,0.0,-0.53,-0.19,EGM7F5T043
growatt,2025-09-23,2025-09-23T20:38:49,0.41,0.0,-0.6,-0.19,EGM7F5T043
growatt,2025-09-23,2025-09-23T20:39:49,0.4,0.0,-0.59,-0.19,EGM7F5T043
growatt,2025-09-23,2025-09-23T20:40:49,0.35,0.0,-0.54,-0.19,EGM7F5T043
growatt,2025-09-23,2025-09-23T20:41:49,0.35,0.0,-0.54,-0.19,EGM7F5T043
growatt,2025-09-23,2025-09-23T20:42:49,0.35,0.0,-0.53,-0.18,EGM7F5T043
growatt,2025-09-23,2025-09-23T20:43:49,0.34,0.0,-0.53,-0.19,EGM7F5T043
growatt,2025-09-23,2025-09-23T20:44:49,0.35,0.0,-0.53,-0.18,EGM7F5T043
growatt,2025-09-23,2025-09-23T20:45:49,0.34,0.0,-0.53,-0.19,EGM7F5T043
growatt,2025-09-23,2025-09-23T20:46:49,0.34,0.0,-0.53,-0.19,EGM7F5T043
growatt,2025-09-23,2025-09-23T20:47:49,0.34,0.0,-0.53,-0.19,EGM7F5T043
growatt,2025-09-23,2025-09-23T20:48:49,0.34,0.0,-0.53,-0.19,EGM7F5T043
growatt,2025-09-23,2025-09-23T20:49:49,0.35,0.0,-0.53,-0.18,EGM7F5T043
growatt,2025-09-23,2025-09-23T20:50:49,0.34,0.0,-0.53,-0.19,EGM7F5T043
growatt,2025-09-23,2025-09-23T20:51:49,0.28,0.0,-0.46,-0.18,EGM7F5T043
growatt,2025-09-23,2025-09-23T20:52:49,0.28,0.0,-0.46,-0.18,EGM7F5T043
growatt,2025-09-23,2025-09-23T20:53:49,0.28,0.0,-0.46,-0.18,EGM7F5T043
growatt,2025-09-23,2025-09-23T20:54:49,0.28,0.0,-0.46,-0.18,EGM7F5T043
growatt,2025-09-23,2025-09-23T20:55:49,0.28,0.0,-0.46,-0.18,EGM7F5T043
growatt,2025-09-23,2025-09-23T20:56:49,0.28,0.0,-0.46,-0.18,EGM7F5T043
growatt,2025-09-23,2025-09-23T20:57:49,0.29,0.0,-0.45,-0.16,EGM7F5T043
growatt,2025-09-23,2025-09-23T20:58:49,0.28,0.0,-0.46,-0.18,EGM7F5T043
growatt,2025-09-23,2025-09-23T20:59:49,0.28,0.0,-0.46,-0.18,EGM7F5T043
growatt,2025-09-23,2025-09-23T21:00:49,0.28,0.0,-0.46,-0.18,EGM7F5T043
growatt,2025-09-23,2025-09-23T21:01:49,0.28,0.0,-0.46,-0.18,EGM7F5T043
growatt,2025-09-23,2025-09-23T21:02:49,0.29,0.0,-0.46,-0.17,EGM7F5T043
growatt,2025-09-23,2025-09-23T21:03:49,0.28,0.0,-0.46,-0.18,EGM7F5T043
growatt,2025-09-23,2025-09-23T21:04:49,0.28,0.0,-0.46,-0.18,EGM7F5T043
growatt,2025-09-23,2025-09-23T21:05:49,0.28,0.0,-0.45,-0.17,EGM7F5T043
growatt,2025-09-23,2025-09-23T21:06:49,0.27,0.0,-0.45,-0.18,EGM7F5T043
growatt,2025-09-23,2025-09-23T21:07:49,0.28,0.0,-0.46,-0.18,EGM7F5T043
growatt,2025-09-23,2025-09-23T21:08:49,0.27,0.0,-0.45,-0.18,EGM7F5T043
growatt,2025-09-23,2025-09-23T21:09:49,0.28,0.0,-0.45,-0.17,EGM7F5T043
growatt,2025-09-23,2025-09-23T21:10:49,0.28,0.0,-0.46,-0.18,EGM7F5T043
growatt,2025-09-23,2025-09-23T21:11:49,0.29,0.0,-0.46,-0.17,EGM7F5T043
growatt,2025-09-23,2025-09-23T21:12:49,0.28,0.0,-0.46,-0.18,EGM7F5T043
growatt,2025-09-23,2025-09-23T21:13:49,0.28,0.0,-0.45,-0.17,EGM7F5T043
growatt,2025-09-23,2025-09-23T21:14:49,0.29,0.0,-0.46,-0.17,EGM7F5T043
growatt,2025-09-23,2025-09-23T21:15:49,0.28,0.0,-0.46,-0.18,EGM7F5T043
growatt,2025-09-23,2025-09-23T21:16:49,0.28,0.0,-0.45,-0.17,EGM7F5T043
growatt,2025-09-23,2025-09-23T21:17:49,0.28,0.0,-0.46,-0.18,EGM7F5T043
growatt,2025-09-23,2025-09-23T21:18:49,0.28,0.0,-0.46,-0.18,EGM7F5T043
growatt,2025-09-23,2025-09-23T21:19:49,0.29,0.0,-0.4755,-0.18,EGM7F5T043
growatt,2025-09-23,2025-09-23T21:20:49,0.27,0.0,-0.45,-0.18,EGM7F5T043
growatt,2025-09-23,2025-09-23T21:21:49,0.29,0.0,-0.47,-0.18,EGM7F5T043
growatt,2025-09-23,2025-09-23T21:22:49,0.28,0.0,-0.46,-0.18,EGM7F5T043
growatt,2025-09-23,2025-09-23T21:23:49,0.28,0.0,-0.46,-0.18,EGM7F5T043
growatt,2025-09-23,2025-09-23T21:24:49,0.26,0.0,-0.43,-0.17,EGM7F5T043
growatt,2025-09-23,2025-09-23T21:25:49,0.26,0.0,-0.44,-0.18,EGM7F5T043
growatt,2025-09-23,2025-09-23T21:26:49,0.27,0.0,-0.44,-0.17,EGM7F5T043
growatt,2025-09-23,2025-09-23T21:27:49,0.26,0.0,-0.44,-0.18,EGM7F5T043
growatt,2025-09-23,2025-09-23T21:28:49,0.27,0.0,-0.44,-0.17,EGM7F5T043
growatt,2025-09-23,2025-09-23T21:29:49,0.27,0.0,-0.44,-0.17,EGM7F5T043
growatt,2025-09-23,2025-09-23T21:30:49,0.27,0.0,-0.44,-0.17,EGM7F5T043
growatt,2025-09-23,2025-09-23T21:31:49,0.29,0.0,-0.46,-0.17,EGM7F5T043
growatt,2025-09-23,2025-09-23T21:32:49,0.28,0.0,-0.46,-0.18,EGM7F5T043
growatt,2025-09-23,2025-09-23T21:33:49,0.26,0.0,-0.44,-0.18,EGM7F5T043
growatt,2025-09-23,2025-09-23T21:34:49,0.27,0.0,-0.44,-0.17,EGM7F5T043
growatt,2025-09-23,2025-09-23T21:35:49,0.26,0.0,-0.43,-0.17,EGM7F5T043
growatt,2025-09-23,2025-09-23T21:36:49,0.27,0.0,-0.44,-0.17,EGM7F5T043
growatt,2025-09-23,2025-09-23T21:37:49,0.27,0.0,-0.44,-0.17,EGM7F5T043
growatt,2025-09-23,2025-09-23T21:38:49,0.26,0.0,-0.43,-0.17,EGM7F5T043
growatt,2025-09-23,2025-09-23T21:39:49,0.27,0.0,-0.44,-0.17,EGM7F5T043
growatt,2025-09-23,2025-09-23T21:40:49,0.27,0.0,-0.44,-0.17,EGM7F5T043
growatt,2025-09-23,2025-09-23T21:41:49,0.26,0.0,-0.44,-0.18,EGM7F5T043
growatt,2025-09-23,2025-09-23T21:42:49,0.26,0.0,-0.43,-0.17,EGM7F5T043
growatt,2025-09-23,2025-09-23T21:43:49,0.26,0.0,-0.44,-0.18,EGM7F5T043
growatt,2025-09-23,2025-09-23T21:44:49,0.27,0.0,-0.44,-0.17,EGM7F5T043
growatt,2025-09-23,2025-09-23T21:45:49,0.27,0.0,-0.44,-0.17,EGM7F5T043
growatt,2025-09-23,2025-09-23T21:46:49,0.26,0.0,-0.44,-0.18,EGM7F5T043
growatt,2025-09-23,2025-09-23T21:47:49,0.27,0.0,-0.44,-0.17,EGM7F5T043
growatt,2025-09-23,2025-09-23T21:48:49,0.26,0.0,-0.43,-0.17,EGM7F5T043
growatt,2025-09-23,2025-09-23T21:49:49,0.27,0.0,-0.44,-0.17,EGM7F5T043
growatt,2025-09-23,2025-09-23T21:50:49,0.27,0.0,-0.44,-0.17,EGM7F5T043
growatt,2025-09-23,2025-09-23T21:51:49,0.26,0.0,-0.43,-0.17,EGM7F5T043
growatt,2025-09-23,2025-09-23T21:52:49,1.64,0.0,-2.06,-0.42,EGM7F5T043
growatt,2025-09-23,2025-09-23T21:53:49,1.62,0.0,-2.07,-0.45,EGM7F5T043
growatt,2025-09-23,2025-09-23T21:54:49,1.58,0.0,-2.02,-0.44,EGM7F5T043
growatt,2025-09-23,2025-09-23T21:55:49,0.25,0.0,-0.41,-0.16,EGM7F5T043
growatt,2025-09-23,2025-09-23T21:56:49,0.25,0.0,-0.42,-0.17,EGM7F5T043
growatt,2025-09-23,2025-09-23T21:57:49,0.24,0.0,-0.42,-0.18,EGM7F5T043
growatt,2025-09-23,2025-09-23T21:58:49,0.25,0.0,-0.42,-0.17,EGM7F5T043
growatt,2025-09-23,2025-09-23T21:59:49,0.25,0.0,-0.42,-0.17,EGM7F5T043
growatt,2025-09-23,2025-09-23T22:00:49,0.25,0.0,-0.42,-0.17,EGM7F5T043
growatt,2025-09-23,2025-09-23T22:01:49,0.24,0.0,-0.42,-0.18,EGM7F5T043
growatt,2025-09-23,2025-09-23T22:02:49,0.25,0.0,-0.42,-0.17,EGM7F5T043
growatt,2025-09-23,2025-09-23T22:03:49,0.25,0.0,-0.42,-0.17,EGM7F5T043
growatt,2025-09-23,2025-09-23T22:04:49,0.25,0.0,-0.42,-0.17,EGM7F5T043
growatt,2025-09-23,2025-09-23T22:05:49,0.25,0.0,-0.42,-0.17,EGM7F5T043
growatt,2025-09-23,2025-09-23T22:06:49,0.25,0.0,-0.42,-0.17,EGM7F5T043
growatt,2025-09-23,2025-09-23T22:07:49,0.22,0.0,-0.39,-0.17,EGM7F5T043
growatt,2025-09-23,2025-09-23T22:08:49,0.22,0.0,-0.38,-0.16,EGM7F5T043
growatt,2025-09-23,2025-09-23T22:09:49,0.22,0.0,-0.39,-0.17,EGM7F5T043
growatt,2025-09-23,2025-09-23T22:10:49,0.23,0.0,-0.39,-0.16,EGM7F5T043
growatt,2025-09-23,2025-09-23T22:11:41,0.22,0.0,-0.39,-0.17,EGM7F5T043
growatt,2025-09-23,2025-09-23T22:13:27,0.22,0.0,-0.39,-0.17,EGM7F5T043
growatt,2025-09-23,2025-09-23T22:14:02,0.22,0.0,-0.39,-0.17,EGM7F5T043
growatt,2025-09-23,2025-09-23T22:14:20,0.21,0.0,-0.38,-0.17,EGM7F5T043
growatt,2025-09-23,2025-09-23T22:14:36,0.22,0.0,-0.39,-0.17,EGM7F5T043
growatt,2025-09-23,2025-09-23T22:15:36,0.27,0.0,-0.45,-0.18,EGM7F5T043
growatt,2025-09-23,2025-09-23T22:16:36,0.28,0.0,-0.46,-0.18,EGM7F5T043
growatt,2025-09-23,2025-09-23T22:17:36,0.28,0.0,-0.45,-0.17,EGM7F5T043
growatt,2025-09-23,2025-09-23T22:18:36,0.28,0.0,-0.46,-0.18,EGM7F5T043
growatt,2025-09-23,2025-09-23T22:19:36,0.29,0.0,-0.47,-0.18,EGM7F5T043
growatt,2025-09-23,2025-09-23T22:20:36,0.29,0.0,-0.46,-0.17,EGM7F5T043
growatt,2025-09-23,2025-09-23T22:21:36,0.28,0.0,-0.46,-0.18,EGM7F5T043
growatt,2025-09-23,2025-09-23T22:22:36,0.29,0.0,-0.47,-0.18,EGM7F5T043
growatt,2025-09-23,2025-09-23T22:23:36,0.32,0.0,-0.51,-0.19,EGM7F5T043
growatt,2025-09-23,2025-09-23T22:24:36,0.29,0.0,-0.4768,-0.18,EGM7F5T043
growatt,2025-09-23,2025-09-23T22:25:36,0.29,0.0,-0.47,-0.18,EGM7F5T043
growatt,2025-09-23,2025-09-23T22:26:36,0.29,0.0,-0.47,-0.18,EGM7F5T043
growatt,2025-09-23,2025-09-23T22:27:36,0.29,0.0,-0.47,-0.18,EGM7F5T043
growatt,2025-09-23,2025-09-23T22:28:36,0.29,0.0,-0.46,-0.17,EGM7F5T043
growatt,2025-09-23,2025-09-23T22:29:36,0.28,0.0,-0.4564,-0.17,EGM7F5T043
growatt,2025-09-23,2025-09-23T22:30:36,0.28,0.0,-0.46,-0.18,EGM7F5T043
growatt,2025-09-23,2025-09-23T22:31:36,0.27,0.0,-0.45,-0.18,EGM7F5T043
growatt,2025-09-23,2025-09-23T22:32:36,0.34,0.0,-0.53,-0.19,EGM7F5T043
growatt,2025-09-23,2025-09-23T22:33:36,0.35,0.0,-0.54,-0.19,EGM7F5T043
growatt,2025-09-23,2025-09-23T22:34:36,0.36,0.0,-0.54,-0.18,EGM7F5T043
growatt,2025-09-23,2025-09-23T22:35:36,0.36,0.0,-0.54,-0.18,EGM7F5T043
growatt,2025-09-23,2025-09-23T22:36:36,0.35,0.0,-0.54,-0.19,EGM7F5T043
growatt,2025-09-23,2025-09-23T22:37:36,0.38,0.0,-0.58,-0.2,EGM7F5T043
growatt,2025-09-23,2025-09-23T22:38:36,0.38,0.0,-0.58,-0.2,EGM7F5T043
growatt,2025-09-23,2025-09-23T22:39:36,0.37,0.0,-0.57,-0.2,EGM7F5T043
growatt,2025-09-23,2025-09-23T22:40:36,0.38,0.0,-0.57,-0.19,EGM7F5T043
growatt,2025-09-23,2025-09-23T22:41:36,0.38,0.0,-0.57,-0.19,EGM7F5T043
growatt,2025-09-23,2025-09-23T22:42:36,0.38,0.0,-0.57,-0.19,EGM7F5T043
growatt,2025-09-23,2025-09-23T22:43:36,0.37,0.0,-0.56,-0.19,EGM7F5T043
growatt,2025-09-23,2025-09-23T22:44:36,0.38,0.0,-0.57,-0.19,EGM7F5T043
growatt,2025-09-23,2025-09-23T22:45:36,0.35,0.0,-0.53,-0.18,EGM7F5T043
growatt,2025-09-23,2025-09-23T22:46:36,0.35,0.0,-0.54,-0.19,EGM7F5T043
growatt,2025-09-23,2025-09-23T22:47:36,0.33,0.0,-0.52,-0.19,EGM7F5T043
growatt,2025-09-23,2025-09-23T22:48:36,0.34,0.0,-0.52,-0.18,EGM7F5T043
growatt,2025-09-23,2025-09-23T22:49:36,0.33,0.0,-0.52,-0.19,EGM7F5T043
growatt,2025-09-23,2025-09-23T22:50:36,0.31,0.0,-0.49,-0.18,EGM7F5T043
growatt,2025-09-23,2025-09-23T22:51:36,0.31,0.0,-0.49,-0.18,EGM7F5T043
growatt,2025-09-23,2025-09-23T22:52:36,0.3,0.0,-0.48,-0.18,EGM7F5T043
growatt,2025-09-23,2025-09-23T22:53:36,0.3,0.0,-0.48,-0.18,EGM7F5T043
growatt,2025-09-23,2025-09-23T22:54:36,0.3,0.0,-0.48,-0.18,EGM7F5T043
growatt,2025-09-23,2025-09-23T22:55:36,0.3,0.0,-0.49,-0.19,EGM7F5T043
growatt,2025-09-23,2025-09-23T22:56:36,0.29,0.0,-0.47,-0.18,EGM7F5T043
growatt,2025-09-23,2025-09-23T22:57:36,0.3,0.0,-0.48,-0.18,EGM7F5T043
growatt,2025-09-23,2025-09-23T22:58:36,0.29,0.0,-0.48,-0.19,EGM7F5T043
growatt,2025-09-23,2025-09-23T22:59:36,0.3,0.0,-0.48,-0.18,EGM7F5T043
growatt,2025-09-23,2025-09-23T23:00:36,0.3,0.0,-0.48,-0.18,EGM7F5T043
growatt,2025-09-23,2025-09-23T23:01:36,0.29,0.0,-0.47,-0.18,EGM7F5T043
growatt,2025-09-23,2025-09-23T23:02:36,0.29,0.0,-0.47,-0.18,EGM7F5T043
growatt,2025-09-23,2025-09-23T23:03:36,0.3,0.0,-0.48,-0.18,EGM7F5T043
growatt,2025-09-23,2025-09-23T23:04:36,0.29,0.0,-0.47,-0.18,EGM7F5T043
growatt,2025-09-23,2025-09-23T23:05:36,0.3,0.0,-0.48,-0.18,EGM7F5T043
growatt,2025-09-23,2025-09-23T23:06:36,0.29,0.0,-0.47,-0.18,EGM7F5T043
growatt,2025-09-23,2025-09-23T23:07:36,0.29,0.0,-0.47,-0.18,EGM7F5T043
growatt,2025-09-23,2025-09-23T23:08:36,0.29,0.0,-0.47,-0.18,EGM7F5T043
growatt,2025-09-23,2025-09-23T23:09:36,0.3,0.0,-0.48,-0.18,EGM7F5T043
growatt,2025-09-23,2025-09-23T23:10:36,0.29,0.0,-0.47,-0.18,EGM7F5T043
growatt,2025-09-23,2025-09-23T23:11:36,0.29,0.0,-0.47,-0.18,EGM7F5T043
growatt,2025-09-23,2025-09-23T23:12:36,0.29,0.0,-0.47,-0.18,EGM7F5T043
growatt,2025-09-23,2025-09-23T23:13:36,0.29,0.0,-0.47,-0.18,EGM7F5T043
growatt,2025-09-23,2025-09-23T23:14:36,0.29,0.0,-0.47,-0.18,EGM7F5T043
growatt,2025-09-23,2025-09-23T23:15:36,0.23,0.0,-0.4,-0.17,EGM7F5T043
growatt,2025-09-23,2025-09-23T23:16:36,0.22,0.0,-0.4,-0.18,EGM7F5T043
growatt,2025-09-23,2025-09-23T23:17:36,0.23,0.0,-0.4,-0.17,EGM7F5T043
growatt,2025-09-23,2025-09-23T23:18:36,0.23,0.0,-0.41,-0.18,EGM7F5T043
growatt,2025-09-23,2025-09-23T23:19:36,0.23,0.0,-0.4,-0.17,EGM7F5T043
growatt,2025-09-23,2025-09-23T23:20:36,0.23,0.0,-0.4,-0.17,EGM7F5T043
growatt,2025-09-23,2025-09-23T23:21:36,0.23,0.0,-0.4,-0.17,EGM7F5T043
growatt,2025-09-23,2025-09-23T23:22:36,0.23,0.0,-0.4,-0.17,EGM7F5T043
growatt,2025-09-23,2025-09-23T23:23:36,0.23,0.0,-0.4,-0.17,EGM7F5T043
growatt,2025-09-23,2025-09-23T23:24:36,0.18,0.0,-0.35,-0.17,EGM7F5T043
growatt,2025-09-23,2025-09-23T23:25:36,0.18,0.0,-0.35,-0.17,EGM7F5T043
growatt,2025-09-23,2025-09-23T23:26:36,0.17,0.0,-0.34,-0.17,EGM7F5T043
growatt,2025-09-23,2025-09-23T23:27:36,0.18,0.0,-0.34,-0.16,EGM7F5T043
growatt,2025-09-23,2025-09-23T23:28:36,0.17,0.0,-0.34,-0.17,EGM7F5T043
growatt,2025-09-23,2025-09-23T23:29:36,0.18,0.0,-0.35,-0.17,EGM7F5T043
growatt,2025-09-23,2025-09-23T23:30:36,0.17,0.0,-0.34,-0.17,EGM7F5T043
growatt,2025-09-23,2025-09-23T23:31:36,0.18,0.0,-0.35,-0.17,EGM7F5T043
growatt,2025-09-23,2025-09-23T23:32:36,0.17,0.0,-0.347,-0.17,EGM7F5T043
growatt,2025-09-23,2025-09-23T23:33:36,0.18,0.0,-0.34,-0.16,EGM7F5T043
growatt,2025-09-23,2025-09-23T23:34:36,0.17,0.0,-0.34,-0.17,EGM7F5T043
growatt,2025-09-23,2025-09-23T23:35:36,0.18,0.0,-0.34,-0.16,EGM7F5T043
growatt,2025-09-23,2025-09-23T23:36:36,0.18,0.0,-0.34,-0.16,EGM7F5T043
growatt,2025-09-23,2025-09-23T23:37:36,0.18,0.0,-0.34,-0.16,EGM7F5T043
growatt,2025-09-23,2025-09-23T23:38:36,0.17,0.0,-0.34,-0.17,EGM7F5T043
growatt,2025-09-23,2025-09-23T23:39:36,0.17,0.0,-0.33,-0.16,EGM7F5T043
growatt,2025-09-23,2025-09-23T23:40:36,0.17,0.0,-0.34,-0.17,EGM7F5T043
growatt,2025-09-23,2025-09-23T23:41:36,0.18,0.0,-0.34,-0.16,EGM7F5T043
growatt,2025-09-23,2025-09-23T23:42:36,0.16,0.0,-0.33,-0.17,EGM7F5T043
growatt,2025-09-23,2025-09-23T23:43:36,0.17,0.0,-0.33,-0.16,EGM7F5T043
growatt,2025-09-23,2025-09-23T23:44:36,0.17,0.0,-0.34,-0.17,EGM7F5T043
growatt,2025-09-23,2025-09-23T23:45:36,0.17,0.0,-0.33,-0.16,EGM7F5T043
growatt,2025-09-23,2025-09-23T23:46:36,0.17,0.0,-0.33,-0.16,EGM7F5T043
growatt,2025-09-23,2025-09-23T23:47:36,0.17,0.0,-0.33,-0.16,EGM7F5T043
growatt,2025-09-23,2025-09-23T23:48:36,0.17,0.0,-0.3358,-0.16,EGM7F5T043
growatt,2025-09-23,2025-09-23T23:49:36,0.16,0.0,-0.33,-0.17,EGM7F5T043
growatt,2025-09-23,2025-09-23T23:50:36,0.17,0.0,-0.34,-0.17,EGM7F5T043
growatt,2025-09-23,2025-09-23T23:51:36,0.17,0.0,-0.33,-0.16,EGM7F5T043
growatt,2025-09-23,2025-09-23T23:52:36,0.17,0.0,-0.33,-0.16,EGM7F5T043
growatt,2025-09-23,2025-09-23T23:53:36,0.17,0.0,-0.33,-0.16,EGM7F5T043
growatt,2025-09-23,2025-09-23T23:54:36,0.17,0.0,-0.34,-0.17,EGM7F5T043
growatt,2025-09-23,2025-09-23T23:55:36,0.17,0.0,-0.33,-0.16,EGM7F5T043
growatt,2025-09-23,2025-09-23T23:56:36,0.16,0.0,-0.33,-0.17,EGM7F5T043
growatt,2025-09-23,2025-09-23T23:57:36,0.17,0.0,-0.33,-0.16,EGM7F5T043
growatt,2025-09-23,2025-09-23T23:58:36,0.17,0.0,-0.34,-0.17,EGM7F5T043
growatt,2025-09-23,2025-09-23T23:59:36,0.17,0.0,-0.33,-0.16,EGM7F5T043
